record_number,date,time,location,sample_duration_s,flow_CFM,laser_ok,flow_ok,temp_ok,rh_ok,timestamp_valid,temp_C,RH_pct,ch1_size_um,ch1_diff_counts,ch1_diff_ft3,ch1_diff_m3,ch1_diff_mass_ugm3,ch1_sum_m3,ch1_pm_ugm3,ch2_size_um,ch2_diff_counts,ch2_diff_ft3,ch2_diff_m3,ch2_diff_mass_ugm3,ch2_sum_m3,ch2_pm_ugm3,ch3_size_um,ch3_diff_counts,ch3_diff_ft3,ch3_diff_m3,ch3_diff_mass_ugm3,ch3_sum_m3,ch3_pm_ugm3,ch4_size_um,ch4_diff_counts,ch4_diff_ft3,ch4_diff_m3,ch4_diff_mass_ugm3,ch4_sum_m3,ch4_pm_ugm3,ch5_size_um,ch5_diff_counts,ch5_diff_ft3,ch5_diff_m3,ch5_diff_mass_ugm3,ch5_sum_m3,ch5_pm_ugm3,ch6_size_um,ch6_diff_counts,ch6_diff_ft3,ch6_diff_m3,ch6_diff_mass_ugm3,ch6_sum_m3,ch6_pm_ugm3,sync_time
1,2026-04-13,14:50:01,Location 1,60.0,0.1,True,True,True,True,False,0.0,,0.3,18734.0,187354.0,6616373.0,0.55,8085931.0,0.0,0.5,2543.0,25432.0,898123.0,0.5,1469558.0,0.55,1.0,775.0,7750.0,273710.0,1.92,571435.0,1.05,2.5,511.0,5110.0,180472.0,12.46,297725.0,2.97,5.0,287.0,2870.0,101361.0,55.98,117253.0,15.43,10.0,45.0,450.0,15892.0,70.220001,15892.0,71.410004,2026-06-02T23:04:22.960246
2,2026-04-13,14:52:21,Location 1,60.0,0.1,True,True,True,True,False,0.0,,0.3,18662.0,186625.0,6590614.0,0.55,7953443.0,0.0,0.5,2541.0,25410.0,897371.0,0.5,1362829.0,0.55,1.0,673.0,6730.0,237674.0,1.67,465458.0,1.05,2.5,401.0,4010.0,141615.0,9.78,227784.0,2.72,5.0,210.0,2100.0,74162.0,40.959999,86169.0,12.5,10.0,34.0,340.0,12007.0,53.060001,12007.0,53.459999,2026-06-02T23:04:23.323709
3,2026-04-14,15:19:00,Location 1,60.0,0.1,True,True,True,True,False,0.0,,0.3,112361.0,1123653.0,39681432.0,3.32,41797920.0,0.0,0.5,4957.0,49571.0,1750615.0,0.97,2116488.0,3.32,1.0,782.0,7820.0,276171.0,1.94,365873.0,4.29,2.5,200.0,2000.0,70632.0,4.88,89702.0,6.23,5.0,45.0,450.0,15892.0,8.78,19070.0,11.110001,10.0,9.0,90.0,3178.0,14.04,3178.0,19.889999,2026-06-02T23:04:23.683703
4,2026-04-14,15:20:58,Location 1,60.0,0.1,True,True,True,True,False,0.0,,0.3,112100.0,1120865.0,39583004.0,3.32,41641600.0,0.0,0.5,4849.0,48484.0,1712203.0,0.95,2058596.0,3.32,1.0,789.0,7889.0,278599.0,1.96,346393.0,4.27,2.5,161.0,1609.0,56849.0,3.93,67794.0,6.23,5.0,27.0,269.0,9533.0,5.27,10945.0,10.16,10.0,4.0,39.0,1412.0,6.24,1412.0,15.43,2026-06-02T23:04:24.042917
5,2026-04-14,15:21:58,Location 1,60.0,0.1,True,True,True,True,False,0.0,,0.3,112557.0,1125508.0,39746948.0,3.33,41903492.0,0.0,0.5,5113.0,51127.0,1805539.0,1.0,2156545.0,3.33,1.0,783.0,7829.0,276498.0,1.94,351006.0,4.33,2.5,178.0,1779.0,62856.0,4.34,74508.0,6.27,5.0,22.0,219.0,7768.0,4.29,11652.0,10.610001,10.0,11.0,109.0,3884.0,17.17,3884.0,14.900001,2026-06-02T23:04:24.409475
6,2026-04-14,15:24:56,Location 1,60.0,0.1,True,True,True,True,False,0.0,,0.3,24111.0,241131.0,8515496.0,0.71,8983809.0,0.0,0.5,1085.0,10850.0,383199.0,0.21,468313.0,0.71,1.0,190.0,1900.0,67103.0,0.47,85114.0,0.92,2.5,46.0,460.0,16246.0,1.12,18011.0,1.39,5.0,5.0,50.0,1765.0,0.98,1765.0,2.51,10.0,0.0,0.0,0.0,0.0,0.0,3.49,2026-06-02T23:04:24.769821
7,2026-04-14,15:25:56,Location 1,60.0,0.1,True,True,True,True,False,0.0,,0.3,16292.0,162939.0,5754156.0,0.48,6041296.0,0.0,0.5,675.0,6750.0,238402.0,0.13,287140.0,0.48,1.0,102.0,1020.0,36025.0,0.25,48738.0,0.61,2.5,30.0,300.0,10595.0,0.73,12713.0,0.86,5.0,5.0,50.0,1765.0,0.98,2118.0,1.59,10.0,1.0,10.0,353.0,1.56,353.0,2.57,2026-06-02T23:04:25.130404
8,2026-04-14,15:26:56,Location 1,60.0,0.1,True,True,True,True,False,0.0,,0.3,8827.0,88274.0,3117376.0,0.26,3283715.0,0.0,0.5,392.0,3920.0,138440.0,0.08,166339.0,0.26,1.0,71.0,710.0,25074.0,0.18,27899.0,0.34,2.5,7.0,70.0,2472.0,0.17,2825.0,0.52,5.0,1.0,10.0,353.0,0.2,353.0,0.69,10.0,0.0,0.0,0.0,0.0,0.0,0.89,2026-06-02T23:04:25.489781
9,2026-04-14,15:27:56,Location 1,60.0,0.1,True,True,True,True,False,0.0,,0.3,6870.0,68706.0,2426353.0,0.2,2561619.0,0.0,0.5,315.0,3150.0,111252.0,0.06,135266.0,0.2,1.0,49.0,490.0,17305.0,0.12,24014.0,0.26,2.5,15.0,150.0,5297.0,0.37,6709.0,0.38,5.0,3.0,30.0,1059.0,0.59,1412.0,0.75,10.0,1.0,10.0,353.0,1.56,353.0,1.34,2026-06-02T23:04:25.846973
10,2026-04-14,15:28:56,Location 1,60.0,0.1,True,True,True,True,False,0.0,,0.3,3774.0,37747.0,1333056.0,0.11,1395221.0,0.0,0.5,146.0,1460.0,51570.0,0.03,62165.0,0.11,1.0,22.0,220.0,7770.0,0.05,10595.0,0.14,2.5,7.0,70.0,2472.0,0.17,2825.0,0.19,5.0,1.0,10.0,353.0,0.2,353.0,0.36,10.0,0.0,0.0,0.0,0.0,0.0,0.56,2026-06-02T23:04:26.207585
11,2026-04-14,15:29:56,Location 1,60.0,0.1,True,True,True,True,False,0.0,,0.3,2861.0,28608.0,1010283.0,0.08,1063957.0,0.0,0.5,123.0,1229.0,43434.0,0.02,53674.0,0.08,1.0,26.0,259.0,9181.0,0.06,10240.0,0.1,2.5,3.0,29.0,1059.0,0.07,1059.0,0.16,5.0,0.0,0.0,0.0,0.0,0.0,0.23,10.0,0.0,0.0,0.0,0.0,0.0,0.23,2026-06-02T23:04:26.571966
12,2026-04-14,15:30:56,Location 1,60.0,0.1,True,True,True,True,False,0.0,,0.3,2647.0,26473.0,934900.0,0.08,983286.0,0.0,0.5,119.0,1190.0,42029.0,0.02,48386.0,0.08,1.0,11.0,110.0,3885.0,0.03,6357.0,0.1,2.5,6.0,60.0,2119.0,0.15,2472.0,0.13,5.0,0.0,0.0,0.0,0.0,353.0,0.28,10.0,1.0,10.0,353.0,1.56,353.0,0.28,2026-06-02T23:04:26.935394
13,2026-04-14,15:31:56,Location 1,60.0,0.1,True,True,True,True,False,0.0,,0.3,2310.0,23103.0,815909.0,0.07,862177.0,0.0,0.5,118.0,1180.0,41678.0,0.02,46268.0,0.07,1.0,9.0,90.0,3178.0,0.02,4590.0,0.09,2.5,3.0,30.0,1059.0,0.07,1412.0,0.11,5.0,1.0,10.0,353.0,0.2,353.0,0.18,10.0,0.0,0.0,0.0,0.0,0.0,0.38,2026-06-02T23:04:27.295757
14,2026-04-14,15:32:56,Location 1,60.0,0.1,True,True,True,True,False,0.0,,0.3,2620.0,26202.0,925348.0,0.08,967376.0,0.0,0.5,103.0,1030.0,36378.0,0.02,42028.0,0.08,1.0,11.0,110.0,3885.0,0.03,5650.0,0.1,2.5,5.0,50.0,1765.0,0.12,1765.0,0.13,5.0,0.0,0.0,0.0,0.0,0.0,0.25,10.0,0.0,0.0,0.0,0.0,0.0,0.25,2026-06-02T23:04:27.657111
15,2026-04-14,15:33:56,Location 1,60.0,0.1,True,True,True,True,False,0.0,,0.3,1257.0,12570.0,443929.0,0.04,472534.0,0.0,0.5,71.0,710.0,25074.0,0.01,28605.0,0.04,1.0,8.0,80.0,2825.0,0.02,3531.0,0.05,2.5,1.0,10.0,353.0,0.02,706.0,0.07,5.0,1.0,10.0,353.0,0.2,353.0,0.09,10.0,0.0,0.0,0.0,0.0,0.0,0.29,2026-06-02T23:04:28.016754
16,2026-04-14,15:34:56,Location 1,60.0,0.1,True,True,True,True,False,0.0,,0.3,696.0,6960.0,245817.0,0.02,257118.0,0.0,0.5,27.0,270.0,9536.0,0.01,11301.0,0.02,1.0,2.0,20.0,706.0,0.0,1765.0,0.03,2.5,2.0,20.0,706.0,0.05,1059.0,0.03,5.0,1.0,10.0,353.0,0.2,353.0,0.08,10.0,0.0,0.0,0.0,0.0,0.0,0.28,2026-06-02T23:04:28.382267
17,2026-04-14,15:35:56,Location 1,60.0,0.1,True,True,True,True,False,0.0,,0.3,988.0,9879.0,348908.0,0.03,363386.0,0.0,0.5,39.0,389.0,13772.0,0.01,14478.0,0.03,1.0,2.0,19.0,706.0,0.0,706.0,0.04,2.5,0.0,0.0,0.0,0.0,0.0,0.04,5.0,0.0,0.0,0.0,0.0,0.0,0.04,10.0,0.0,0.0,0.0,0.0,0.0,0.04,2026-06-02T23:04:28.755480
18,2026-04-14,15:36:56,Location 1,60.0,0.1,True,True,True,True,False,0.0,,0.3,791.0,7909.0,279330.0,0.02,293102.0,0.0,0.5,30.0,299.0,10594.0,0.01,13772.0,0.02,1.0,9.0,89.0,3178.0,0.02,3178.0,0.03,2.5,0.0,0.0,0.0,0.0,0.0,0.05,5.0,0.0,0.0,0.0,0.0,0.0,0.05,10.0,0.0,0.0,0.0,0.0,0.0,0.05,2026-06-02T23:04:29.116285
19,2026-04-14,15:37:56,Location 1,60.0,0.1,True,True,True,True,False,0.0,,0.3,659.0,6590.0,232749.0,0.02,244050.0,0.0,0.5,27.0,270.0,9536.0,0.01,11301.0,0.02,1.0,4.0,40.0,1412.0,0.01,1765.0,0.03,2.5,1.0,10.0,353.0,0.02,353.0,0.04,5.0,0.0,0.0,0.0,0.0,0.0,0.06,10.0,0.0,0.0,0.0,0.0,0.0,0.06,2026-06-02T23:04:29.474350
20,2026-04-14,15:38:56,Location 1,60.0,0.1,True,True,True,True,False,0.0,,0.3,762.0,7621.0,269136.0,0.02,281496.0,0.0,0.5,30.0,300.0,10595.0,0.01,12360.0,0.02,1.0,4.0,40.0,1412.0,0.01,1765.0,0.03,2.5,1.0,10.0,353.0,0.02,353.0,0.04,5.0,0.0,0.0,0.0,0.0,0.0,0.06,10.0,0.0,0.0,0.0,0.0,0.0,0.06,2026-06-02T23:04:29.834269
21,2026-04-14,15:39:56,Location 1,60.0,0.1,True,True,True,True,False,0.0,,0.3,631.0,6310.0,222850.0,0.02,235916.0,0.0,0.5,29.0,290.0,10241.0,0.01,13066.0,0.02,1.0,8.0,80.0,2825.0,0.02,2825.0,0.03,2.5,0.0,0.0,0.0,0.0,0.0,0.05,5.0,0.0,0.0,0.0,0.0,0.0,0.05,10.0,0.0,0.0,0.0,0.0,0.0,0.05,2026-06-02T23:04:30.195077
22,2026-04-14,15:40:56,Location 1,60.0,0.1,True,True,True,True,False,0.0,,0.3,598.0,5980.0,211215.0,0.02,219691.0,0.0,0.5,20.0,200.0,7064.0,0.0,8476.0,0.02,1.0,3.0,30.0,1059.0,0.01,1412.0,0.02,2.5,0.0,0.0,0.0,0.0,353.0,0.03,5.0,1.0,10.0,353.0,0.2,353.0,0.03,10.0,0.0,0.0,0.0,0.0,0.0,0.23,2026-06-02T23:04:30.555992
23,2026-04-14,15:41:56,Location 1,60.0,0.1,True,True,True,True,False,0.0,,0.3,353.0,3530.0,124685.0,0.01,129629.0,0.0,0.5,13.0,130.0,4591.0,0.0,4944.0,0.01,1.0,1.0,10.0,353.0,0.0,353.0,0.01,2.5,0.0,0.0,0.0,0.0,0.0,0.01,5.0,0.0,0.0,0.0,0.0,0.0,0.01,10.0,0.0,0.0,0.0,0.0,0.0,0.01,2026-06-02T23:04:30.916289
24,2026-04-14,15:42:56,Location 1,60.0,0.1,True,True,True,True,False,0.0,,0.3,388.0,3880.0,137022.0,0.01,142318.0,0.0,0.5,13.0,130.0,4590.0,0.0,5296.0,0.01,1.0,1.0,10.0,353.0,0.0,706.0,0.01,2.5,1.0,10.0,353.0,0.02,353.0,0.01,5.0,0.0,0.0,0.0,0.0,0.0,0.03,10.0,0.0,0.0,0.0,0.0,0.0,0.03,2026-06-02T23:04:31.279030
25,2026-04-14,15:43:56,Location 1,60.0,0.1,True,True,True,True,False,0.0,,0.3,417.0,4170.0,147268.0,0.01,153624.0,0.0,0.5,16.0,160.0,5650.0,0.0,6356.0,0.01,1.0,2.0,20.0,706.0,0.0,706.0,0.01,2.5,0.0,0.0,0.0,0.0,0.0,0.01,5.0,0.0,0.0,0.0,0.0,0.0,0.01,10.0,0.0,0.0,0.0,0.0,0.0,0.01,2026-06-02T23:04:31.638202
26,2026-04-14,15:44:56,Location 1,60.0,0.1,True,True,True,True,False,0.0,,0.3,278.0,2779.0,98163.0,0.01,100987.0,0.0,0.5,7.0,69.0,2471.0,0.0,2824.0,0.01,1.0,1.0,9.0,353.0,0.0,353.0,0.01,2.5,0.0,0.0,0.0,0.0,0.0,0.01,5.0,0.0,0.0,0.0,0.0,0.0,0.01,10.0,0.0,0.0,0.0,0.0,0.0,0.01,2026-06-02T23:04:31.999303
27,2026-04-14,15:45:56,Location 1,60.0,0.1,True,True,True,True,False,0.0,,0.3,293.0,2929.0,103470.0,0.01,108413.0,0.0,0.5,9.0,89.0,3178.0,0.0,4943.0,0.01,1.0,3.0,29.0,1059.0,0.01,1765.0,0.01,2.5,2.0,19.0,706.0,0.05,706.0,0.02,5.0,0.0,0.0,0.0,0.0,0.0,0.07,10.0,0.0,0.0,0.0,0.0,0.0,0.07,2026-06-02T23:04:32.360504
28,2026-04-14,15:46:56,Location 1,60.0,0.1,True,True,True,True,False,0.0,,0.3,396.0,3960.0,139867.0,0.01,146224.0,0.0,0.5,15.0,150.0,5298.0,0.0,6357.0,0.01,1.0,3.0,30.0,1059.0,0.01,1059.0,0.01,2.5,0.0,0.0,0.0,0.0,0.0,0.02,5.0,0.0,0.0,0.0,0.0,0.0,0.02,10.0,0.0,0.0,0.0,0.0,0.0,0.02,2026-06-02T23:04:32.759283
29,2026-04-14,15:47:56,Location 1,60.0,0.1,True,True,True,True,False,0.0,,0.3,356.0,3560.0,125745.0,0.01,134574.0,0.0,0.5,20.0,200.0,7064.0,0.0,8829.0,0.01,1.0,3.0,30.0,1059.0,0.01,1765.0,0.01,2.5,2.0,20.0,706.0,0.05,706.0,0.02,5.0,0.0,0.0,0.0,0.0,0.0,0.07,10.0,0.0,0.0,0.0,0.0,0.0,0.07,2026-06-02T23:04:33.121131
30,2026-04-14,15:48:56,Location 1,60.0,0.1,True,True,True,True,False,0.0,,0.3,489.0,4890.0,172707.0,0.01,182595.0,0.0,0.5,26.0,260.0,9182.0,0.01,9888.0,0.01,1.0,2.0,20.0,706.0,0.0,706.0,0.02,2.5,0.0,0.0,0.0,0.0,0.0,0.02,5.0,0.0,0.0,0.0,0.0,0.0,0.02,10.0,0.0,0.0,0.0,0.0,0.0,0.02,2026-06-02T23:04:33.481030
31,2026-04-14,15:49:56,Location 1,60.0,0.1,True,True,True,True,False,0.0,,0.3,322.0,3220.0,113739.0,0.01,119036.0,0.0,0.5,11.0,110.0,3885.0,0.0,5297.0,0.01,1.0,4.0,40.0,1412.0,0.01,1412.0,0.01,2.5,0.0,0.0,0.0,0.0,0.0,0.02,5.0,0.0,0.0,0.0,0.0,0.0,0.02,10.0,0.0,0.0,0.0,0.0,0.0,0.02,2026-06-02T23:04:33.845600
32,2026-04-14,15:50:56,Location 1,60.0,0.1,True,True,True,True,False,0.0,,0.3,266.0,2659.0,93928.0,0.01,97812.0,0.0,0.5,11.0,109.0,3884.0,0.0,3884.0,0.01,1.0,0.0,0.0,0.0,0.0,0.0,0.01,2.5,0.0,0.0,0.0,0.0,0.0,0.01,5.0,0.0,0.0,0.0,0.0,0.0,0.01,10.0,0.0,0.0,0.0,0.0,0.0,0.01,2026-06-02T23:04:34.203962
33,2026-04-14,15:51:56,Location 1,60.0,0.1,True,True,True,True,False,0.0,,0.3,337.0,3369.0,119009.0,0.01,124659.0,0.0,0.5,14.0,139.0,4944.0,0.0,5650.0,0.01,1.0,2.0,19.0,706.0,0.0,706.0,0.01,2.5,0.0,0.0,0.0,0.0,0.0,0.01,5.0,0.0,0.0,0.0,0.0,0.0,0.01,10.0,0.0,0.0,0.0,0.0,0.0,0.01,2026-06-02T23:04:34.565807
34,2026-04-14,15:52:56,Location 1,60.0,0.1,True,True,True,True,False,0.0,,0.3,255.0,2550.0,90059.0,0.01,95003.0,0.0,0.5,13.0,130.0,4591.0,0.0,4944.0,0.01,1.0,1.0,10.0,353.0,0.0,353.0,0.01,2.5,0.0,0.0,0.0,0.0,0.0,0.01,5.0,0.0,0.0,0.0,0.0,0.0,0.01,10.0,0.0,0.0,0.0,0.0,0.0,0.01,2026-06-02T23:04:34.922958
35,2026-04-14,15:53:56,Location 1,60.0,0.1,True,True,True,True,False,0.0,,0.3,434.0,4340.0,153267.0,0.01,160683.0,0.0,0.5,20.0,200.0,7063.0,0.0,7416.0,0.01,1.0,0.0,0.0,0.0,0.0,353.0,0.01,2.5,1.0,10.0,353.0,0.02,353.0,0.01,5.0,0.0,0.0,0.0,0.0,0.0,0.03,10.0,0.0,0.0,0.0,0.0,0.0,0.03,2026-06-02T23:04:35.282890
36,2026-04-14,15:54:56,Location 1,60.0,0.1,True,True,True,True,False,0.0,,0.3,400.0,4000.0,141260.0,0.01,147969.0,0.0,0.5,17.0,170.0,6003.0,0.0,6709.0,0.01,1.0,1.0,10.0,353.0,0.0,706.0,0.01,2.5,1.0,10.0,353.0,0.02,353.0,0.01,5.0,0.0,0.0,0.0,0.0,0.0,0.03,10.0,0.0,0.0,0.0,0.0,0.0,0.03,2026-06-02T23:04:35.645341
37,2026-04-14,15:55:56,Location 1,60.0,0.1,True,True,True,True,False,0.0,,0.3,384.0,3840.0,135620.0,0.01,142683.0,0.0,0.5,18.0,180.0,6357.0,0.0,7063.0,0.01,1.0,2.0,20.0,706.0,0.0,706.0,0.01,2.5,0.0,0.0,0.0,0.0,0.0,0.01,5.0,0.0,0.0,0.0,0.0,0.0,0.01,10.0,0.0,0.0,0.0,0.0,0.0,0.01,2026-06-02T23:04:36.003679
38,2026-04-14,15:56:56,Location 1,60.0,0.1,True,True,True,True,False,0.0,,0.3,302.0,3020.0,106670.0,0.01,113381.0,0.0,0.5,19.0,190.0,6711.0,0.0,6711.0,0.01,1.0,0.0,0.0,0.0,0.0,0.0,0.01,2.5,0.0,0.0,0.0,0.0,0.0,0.01,5.0,0.0,0.0,0.0,0.0,0.0,0.01,10.0,0.0,0.0,0.0,0.0,0.0,0.01,2026-06-02T23:04:36.364201
39,2026-04-14,15:57:56,Location 1,60.0,0.1,True,True,True,True,False,0.0,,0.3,377.0,3770.0,133149.0,0.01,136680.0,0.0,0.5,8.0,80.0,2825.0,0.0,3531.0,0.01,1.0,2.0,20.0,706.0,0.0,706.0,0.01,2.5,0.0,0.0,0.0,0.0,0.0,0.01,5.0,0.0,0.0,0.0,0.0,0.0,0.01,10.0,0.0,0.0,0.0,0.0,0.0,0.01,2026-06-02T23:04:36.761871
40,2026-04-14,15:58:56,Location 1,60.0,0.1,True,True,True,True,False,0.0,,0.3,231.0,2310.0,81585.0,0.01,84410.0,0.0,0.5,8.0,80.0,2825.0,0.0,2825.0,0.01,1.0,0.0,0.0,0.0,0.0,0.0,0.01,2.5,0.0,0.0,0.0,0.0,0.0,0.01,5.0,0.0,0.0,0.0,0.0,0.0,0.01,10.0,0.0,0.0,0.0,0.0,0.0,0.01,2026-06-02T23:04:37.122053
41,2026-04-14,15:59:56,Location 1,60.0,0.1,True,True,True,True,False,0.0,,0.3,334.0,3339.0,117943.0,0.01,121474.0,0.0,0.5,9.0,89.0,3178.0,0.0,3531.0,0.01,1.0,1.0,9.0,353.0,0.0,353.0,0.01,2.5,0.0,0.0,0.0,0.0,0.0,0.01,5.0,0.0,0.0,0.0,0.0,0.0,0.01,10.0,0.0,0.0,0.0,0.0,0.0,0.01,2026-06-02T23:04:37.483566
42,2026-04-14,16:00:56,Location 1,60.0,0.1,True,True,True,True,False,0.0,,0.3,246.0,2459.0,86862.0,0.01,90746.0,0.0,0.5,11.0,109.0,3884.0,0.0,3884.0,0.01,1.0,0.0,0.0,0.0,0.0,0.0,0.01,2.5,0.0,0.0,0.0,0.0,0.0,0.01,5.0,0.0,0.0,0.0,0.0,0.0,0.01,10.0,0.0,0.0,0.0,0.0,0.0,0.01,2026-06-02T23:04:37.842320
43,2026-04-14,16:08:00,Location 1,60.0,0.1,True,True,True,True,False,0.0,,0.3,631.0,6310.0,222866.0,0.02,242289.0,0.0,0.5,34.0,340.0,12008.0,0.01,19423.0,0.02,1.0,8.0,80.0,2825.0,0.02,7415.0,0.03,2.5,9.0,90.0,3178.0,0.22,4590.0,0.05,5.0,2.0,20.0,706.0,0.39,1412.0,0.27,10.0,2.0,20.0,706.0,3.12,706.0,0.66,2026-06-02T23:04:38.203525
44,2026-04-14,16:09:00,Location 1,60.0,0.1,True,True,True,True,False,0.0,,0.3,266.0,2660.0,93940.0,0.01,101708.0,0.0,0.5,18.0,180.0,6356.0,0.0,7768.0,0.01,1.0,3.0,30.0,1059.0,0.01,1412.0,0.01,2.5,1.0,10.0,353.0,0.02,353.0,0.02,5.0,0.0,0.0,0.0,0.0,0.0,0.04,10.0,0.0,0.0,0.0,0.0,0.0,0.04,2026-06-02T23:04:38.566864
45,2026-04-14,16:10:00,Location 1,60.0,0.1,True,True,True,True,False,0.0,,0.3,199.0,1989.0,70271.0,0.01,77686.0,0.0,0.5,19.0,189.0,6709.0,0.0,7415.0,0.01,1.0,0.0,0.0,0.0,0.0,706.0,0.01,2.5,1.0,9.0,353.0,0.02,706.0,0.01,5.0,1.0,9.0,353.0,0.2,353.0,0.03,10.0,0.0,0.0,0.0,0.0,0.0,0.23,2026-06-02T23:04:38.927109
46,2026-04-15,13:38:26,Location 1,60.0,0.1,True,True,True,True,False,0.0,,0.3,83839.0,838547.0,29613018.0,2.48,31551096.0,0.0,0.5,4609.0,46098.0,1627958.0,0.9,1938077.0,2.48,1.0,717.0,7171.0,253253.0,1.78,310119.0,3.38,2.5,139.0,1390.0,49096.0,3.39,56866.0,5.16,5.0,20.0,200.0,7064.0,3.9,7770.0,8.55,10.0,2.0,20.0,706.0,3.12,706.0,12.450001,2026-06-02T23:04:39.290100
47,2026-04-15,13:39:26,Location 1,60.0,0.1,True,True,True,True,False,0.0,,0.3,69532.0,695387.0,24557386.0,2.06,26100078.0,0.0,0.5,3669.0,36693.0,1295821.0,0.72,1542692.0,2.06,1.0,574.0,5740.0,202725.0,1.42,246871.0,2.78,2.5,113.0,1130.0,39909.0,2.76,44146.0,4.2,5.0,11.0,110.0,3884.0,2.15,4237.0,6.96,10.0,1.0,10.0,353.0,1.56,353.0,9.110001,2026-06-02T23:04:39.649047
48,2026-04-15,13:40:26,Location 1,60.0,0.1,True,True,True,True,False,0.0,,0.3,63917.0,639253.0,22575020.0,1.89,23980726.0,0.0,0.5,3321.0,33214.0,1172953.0,0.65,1405706.0,1.89,1.0,530.0,5300.0,187192.0,1.31,232753.0,2.54,2.5,111.0,1110.0,39204.0,2.71,45561.0,3.85,5.0,17.0,170.0,6004.0,3.32,6357.0,6.56,10.0,1.0,10.0,353.0,1.56,353.0,9.88,2026-06-02T23:04:40.008858
49,2026-04-15,13:41:26,Location 1,60.0,0.1,True,True,True,True,False,0.0,,0.3,61259.0,612606.0,21633990.0,1.81,22985516.0,0.0,0.5,3211.0,32110.0,1133984.0,0.63,1351526.0,1.81,1.0,511.0,5110.0,180462.0,1.27,217542.0,2.44,2.5,94.0,940.0,33196.0,2.29,37080.0,3.71,5.0,11.0,110.0,3884.0,2.15,3884.0,6.0,10.0,0.0,0.0,0.0,0.0,0.0,8.15,2026-06-02T23:04:40.373756
50,2026-04-15,13:42:26,Location 1,60.0,0.1,True,True,True,True,False,0.0,,0.3,52309.0,523103.0,18473242.0,1.55,19662316.0,0.0,0.5,2830.0,28300.0,999431.0,0.55,1189073.0,1.55,1.0,446.0,4460.0,157507.0,1.11,189642.0,2.1,2.5,83.0,830.0,29311.0,2.02,32135.0,3.21,5.0,5.0,50.0,1765.0,0.98,2824.0,5.23,10.0,3.0,30.0,1059.0,4.68,1059.0,6.21,2026-06-02T23:04:40.758182
51,2026-04-15,13:43:26,Location 1,60.0,0.1,True,True,True,True,False,0.0,,0.3,47883.0,478851.0,16910472.0,1.42,18045532.0,0.0,0.5,2703.0,27031.0,954597.0,0.53,1135061.0,1.42,1.0,440.0,4400.0,155391.0,1.09,180464.0,1.95,2.5,65.0,650.0,22955.0,1.58,25073.0,3.04,5.0,5.0,50.0,1765.0,0.98,2118.0,4.62,10.0,1.0,10.0,353.0,1.56,353.0,5.6,2026-06-02T23:04:41.119712
52,2026-04-15,13:44:26,Location 1,60.0,0.1,True,True,True,True,False,0.0,,0.3,45876.0,458800.0,16202381.0,1.36,17270388.0,0.0,0.5,2525.0,25252.0,891773.0,0.49,1068007.0,1.36,1.0,413.0,4130.0,145862.0,1.02,176234.0,1.85,2.5,82.0,820.0,28960.0,2.0,30372.0,2.87,5.0,4.0,40.0,1412.0,0.78,1412.0,4.87,10.0,0.0,0.0,0.0,0.0,0.0,5.65,2026-06-02T23:04:41.478354
53,2026-04-15,13:45:26,Location 1,60.0,0.1,True,True,True,True,False,0.0,,0.3,38805.0,388115.0,13706164.0,1.15,14657346.0,0.0,0.5,2222.0,22223.0,784824.0,0.43,951182.0,1.15,1.0,406.0,4060.0,143401.0,1.01,166358.0,1.58,2.5,53.0,530.0,18719.0,1.29,22957.0,2.59,5.0,11.0,110.0,3885.0,2.15,4238.0,3.88,10.0,1.0,10.0,353.0,1.56,353.0,6.03,2026-06-02T23:04:41.837541
54,2026-04-15,13:46:26,Location 1,60.0,0.1,True,True,True,True,False,0.0,,0.3,36532.0,365310.0,12900804.0,1.08,13819665.0,0.0,0.5,2219.0,22189.0,783611.0,0.43,918861.0,1.08,1.0,334.0,3339.0,117947.0,0.83,135250.0,1.51,2.5,45.0,449.0,15891.0,1.1,17303.0,2.34,5.0,3.0,29.0,1059.0,0.59,1412.0,3.44,10.0,1.0,9.0,353.0,1.56,353.0,4.03,2026-06-02T23:04:42.199992
55,2026-04-15,13:47:26,Location 1,60.0,0.1,True,True,True,True,False,0.0,,0.3,33897.0,338970.0,11970637.0,1.0,12760979.0,0.0,0.5,1899.0,18990.0,670626.0,0.37,790342.0,1.0,1.0,299.0,2990.0,105591.0,0.74,119716.0,1.37,2.5,39.0,390.0,13772.0,0.95,14125.0,2.11,5.0,1.0,10.0,353.0,0.2,353.0,3.06,10.0,0.0,0.0,0.0,0.0,0.0,3.26,2026-06-02T23:04:42.559648
56,2026-04-15,13:48:26,Location 1,60.0,0.1,True,True,True,True,False,0.0,,0.3,31871.0,318736.0,11256075.0,0.94,12023172.0,0.0,0.5,1844.0,18441.0,651256.0,0.36,767097.0,0.94,1.0,279.0,2790.0,98536.0,0.69,115841.0,1.3,2.5,46.0,460.0,16246.0,1.12,17305.0,1.99,5.0,3.0,30.0,1059.0,0.59,1059.0,3.11,10.0,0.0,0.0,0.0,0.0,0.0,3.7,2026-06-02T23:04:42.935995
57,2026-04-15,13:49:26,Location 1,60.0,0.1,True,True,True,True,False,0.0,,0.3,31926.0,319337.0,11277281.0,0.94,12044498.0,0.0,0.5,1847.0,18474.0,652419.0,0.36,767217.0,0.94,1.0,284.0,2840.0,100317.0,0.7,114798.0,1.3,2.5,38.0,380.0,13422.0,0.93,14481.0,2.0,5.0,3.0,30.0,1059.0,0.59,1059.0,2.93,10.0,0.0,0.0,0.0,0.0,0.0,3.52,2026-06-02T23:04:43.294805
58,2026-04-15,13:50:26,Location 1,60.0,0.1,True,True,True,True,False,0.0,,0.3,30358.0,303583.0,10720938.0,0.9,11463964.0,0.0,0.5,1772.0,17720.0,625782.0,0.35,743026.0,0.9,1.0,284.0,2840.0,100294.0,0.7,117244.0,1.25,2.5,44.0,440.0,15538.0,1.07,16950.0,1.95,5.0,4.0,40.0,1412.0,0.78,1412.0,3.02,10.0,0.0,0.0,0.0,0.0,0.0,3.8,2026-06-02T23:04:43.655498
59,2026-04-15,13:51:26,Location 1,60.0,0.1,True,True,True,True,False,0.0,,0.3,30311.0,303070.0,10702820.0,0.9,11429852.0,0.0,0.5,1728.0,17277.0,610157.0,0.34,727032.0,0.9,1.0,291.0,2909.0,102752.0,0.72,116875.0,1.24,2.5,38.0,379.0,13417.0,0.93,14123.0,1.96,5.0,2.0,19.0,706.0,0.39,706.0,2.89,10.0,0.0,0.0,0.0,0.0,0.0,3.28,2026-06-02T23:04:44.019404
60,2026-04-15,13:52:26,Location 1,60.0,0.1,True,True,True,True,False,0.0,,0.3,29755.0,297587.0,10509207.0,0.88,11213469.0,0.0,0.5,1662.0,16622.0,587003.0,0.32,704262.0,0.88,1.0,283.0,2830.0,99953.0,0.7,117259.0,1.2,2.5,48.0,480.0,16953.0,1.17,17306.0,1.9,5.0,1.0,10.0,353.0,0.2,353.0,3.07,10.0,0.0,0.0,0.0,0.0,0.0,3.27,2026-06-02T23:04:44.382649
61,2026-04-15,13:53:26,Location 1,60.0,0.1,True,True,True,True,False,0.0,,0.3,26966.0,269691.0,9524049.0,0.8,10183448.0,0.0,0.5,1571.0,15711.0,554857.0,0.31,659399.0,0.8,1.0,249.0,2490.0,87943.0,0.62,104542.0,1.11,2.5,43.0,430.0,15187.0,1.05,16599.0,1.73,5.0,4.0,40.0,1412.0,0.78,1412.0,2.78,10.0,0.0,0.0,0.0,0.0,0.0,3.56,2026-06-02T23:04:44.758254
62,2026-04-15,13:54:26,Location 1,60.0,0.1,True,True,True,True,False,0.0,,0.3,28298.0,282989.0,9993683.0,0.84,10666095.0,0.0,0.5,1586.0,15860.0,560109.0,0.31,672412.0,0.84,1.0,268.0,2680.0,94646.0,0.66,112303.0,1.15,2.5,47.0,470.0,16598.0,1.15,17657.0,1.81,5.0,3.0,30.0,1059.0,0.59,1059.0,2.96,10.0,0.0,0.0,0.0,0.0,0.0,3.55,2026-06-02T23:04:45.117161
63,2026-04-15,13:55:26,Location 1,60.0,0.1,True,True,True,True,False,0.0,,0.3,26778.0,267771.0,9456247.0,0.79,10102129.0,0.0,0.5,1543.0,15429.0,544887.0,0.3,645882.0,0.79,1.0,248.0,2479.0,87577.0,0.61,100995.0,1.09,2.5,35.0,349.0,12359.0,0.85,13418.0,1.7,5.0,2.0,19.0,706.0,0.39,1059.0,2.55,10.0,1.0,9.0,353.0,1.56,353.0,2.94,2026-06-02T23:04:45.478468
64,2026-04-15,13:56:26,Location 1,60.0,0.1,True,True,True,True,False,0.0,,0.3,27568.0,275666.0,9735088.0,0.82,10374604.0,0.0,0.5,1515.0,15149.0,534991.0,0.3,639516.0,0.82,1.0,245.0,2449.0,86516.0,0.61,104525.0,1.12,2.5,48.0,479.0,16950.0,1.17,18009.0,1.73,5.0,3.0,29.0,1059.0,0.59,1059.0,2.9,10.0,0.0,0.0,0.0,0.0,0.0,3.49,2026-06-02T23:04:45.842240
65,2026-04-15,13:57:26,Location 1,60.0,0.1,True,True,True,True,False,0.0,,0.3,26824.0,268265.0,9473691.0,0.79,10130604.0,0.0,0.5,1572.0,15721.0,555198.0,0.31,656913.0,0.79,1.0,245.0,2450.0,86529.0,0.61,101715.0,1.1,2.5,41.0,410.0,14480.0,1.0,15186.0,1.71,5.0,1.0,10.0,353.0,0.2,706.0,2.71,10.0,1.0,10.0,353.0,1.56,353.0,2.91,2026-06-02T23:04:46.203544
66,2026-04-15,13:58:26,Location 1,60.0,0.1,True,True,True,True,False,0.0,,0.3,22485.0,224848.0,7940466.0,0.67,8471594.0,0.0,0.5,1272.0,12719.0,449200.0,0.25,531128.0,0.67,1.0,182.0,1819.0,64272.0,0.45,81928.0,0.92,2.5,46.0,459.0,16244.0,1.12,17656.0,1.37,5.0,4.0,39.0,1412.0,0.78,1412.0,2.49,10.0,0.0,0.0,0.0,0.0,0.0,3.27,2026-06-02T23:04:46.565481
67,2026-04-15,13:59:26,Location 1,60.0,0.1,True,True,True,True,False,0.0,,0.3,22277.0,222806.0,7868347.0,0.66,8357535.0,0.0,0.5,1167.0,11671.0,412190.0,0.23,489188.0,0.66,1.0,186.0,1860.0,65696.0,0.46,76998.0,0.89,2.5,31.0,310.0,10949.0,0.76,11302.0,1.35,5.0,1.0,10.0,353.0,0.2,353.0,2.11,10.0,0.0,0.0,0.0,0.0,0.0,2.31,2026-06-02T23:04:46.933271
68,2026-04-15,14:00:26,Location 1,60.0,0.1,True,True,True,True,False,0.0,,0.3,24715.0,247163.0,8728513.0,0.73,9288986.0,0.0,0.5,1337.0,13370.0,472183.0,0.26,560473.0,0.73,1.0,214.0,2140.0,75577.0,0.53,88290.0,0.99,2.5,35.0,350.0,12360.0,0.85,12713.0,1.52,5.0,1.0,10.0,353.0,0.2,353.0,2.37,10.0,0.0,0.0,0.0,0.0,0.0,2.57,2026-06-02T23:04:47.294259
69,2026-04-15,14:01:26,Location 1,60.0,0.1,True,True,True,True,False,0.0,,0.3,25238.0,252394.0,8913232.0,0.75,9491012.0,0.0,0.5,1400.0,14000.0,494434.0,0.27,577780.0,0.75,1.0,195.0,1950.0,68867.0,0.48,83346.0,1.02,2.5,38.0,380.0,13420.0,0.93,14479.0,1.5,5.0,3.0,30.0,1059.0,0.59,1059.0,2.43,10.0,0.0,0.0,0.0,0.0,0.0,3.02,2026-06-02T23:04:47.656385
70,2026-04-15,14:02:26,Location 1,60.0,0.1,True,True,True,True,False,0.0,,0.3,23283.0,232838.0,8222619.0,0.69,8721985.0,0.0,0.5,1190.0,11900.0,420260.0,0.23,499366.0,0.69,1.0,194.0,1940.0,68512.0,0.48,79106.0,0.92,2.5,27.0,270.0,9535.0,0.66,10594.0,1.4,5.0,2.0,20.0,706.0,0.39,1059.0,2.06,10.0,1.0,10.0,353.0,1.56,353.0,2.45,2026-06-02T23:04:48.014783
71,2026-04-15,14:03:26,Location 1,60.0,0.1,True,True,True,True,False,0.0,,0.3,26044.0,260463.0,9198165.0,0.77,9791149.0,0.0,0.5,1429.0,14291.0,504691.0,0.28,592984.0,0.77,1.0,211.0,2110.0,74520.0,0.52,88293.0,1.05,2.5,35.0,350.0,12361.0,0.85,13773.0,1.57,5.0,4.0,40.0,1412.0,0.78,1412.0,2.42,10.0,0.0,0.0,0.0,0.0,0.0,3.2,2026-06-02T23:04:48.379522
72,2026-04-15,14:04:26,Location 1,60.0,0.1,True,True,True,True,False,0.0,,0.3,24556.0,245565.0,8672073.0,0.73,9237825.0,0.0,0.5,1338.0,13380.0,472521.0,0.26,565752.0,0.73,1.0,221.0,2210.0,78047.0,0.55,93231.0,0.99,2.5,38.0,380.0,13419.0,0.93,15184.0,1.54,5.0,4.0,40.0,1412.0,0.78,1765.0,2.47,10.0,1.0,10.0,353.0,1.56,353.0,3.25,2026-06-02T23:04:48.756323
73,2026-04-15,14:05:26,Location 1,60.0,0.1,True,True,True,True,False,0.0,,0.3,23200.0,231992.0,8192744.0,0.69,8724565.0,0.0,0.5,1277.0,12769.0,450954.0,0.25,531821.0,0.69,1.0,187.0,1869.0,66036.0,0.46,80867.0,0.94,2.5,38.0,379.0,13419.0,0.93,14831.0,1.4,5.0,3.0,29.0,1059.0,0.59,1412.0,2.33,10.0,1.0,9.0,353.0,1.56,353.0,2.92,2026-06-02T23:04:49.118248
74,2026-04-15,14:06:26,Location 1,60.0,0.1,True,True,True,True,False,0.0,,0.3,21838.0,218369.0,7711658.0,0.65,8209923.0,0.0,0.5,1181.0,11809.0,417046.0,0.23,498265.0,0.65,1.0,197.0,1969.0,69566.0,0.49,81219.0,0.88,2.5,32.0,319.0,11300.0,0.78,11653.0,1.37,5.0,1.0,9.0,353.0,0.2,353.0,2.15,10.0,0.0,0.0,0.0,0.0,0.0,2.35,2026-06-02T23:04:49.481874
75,2026-04-15,14:07:26,Location 1,60.0,0.1,True,True,True,True,False,0.0,,0.3,24757.0,247598.0,8743854.0,0.73,9299769.0,0.0,0.5,1339.0,13391.0,472917.0,0.26,555915.0,0.73,1.0,210.0,2100.0,74169.0,0.52,82998.0,0.99,2.5,24.0,240.0,8476.0,0.59,8829.0,1.51,5.0,1.0,10.0,353.0,0.2,353.0,2.1,10.0,0.0,0.0,0.0,0.0,0.0,2.3,2026-06-02T23:04:49.841530
76,2026-04-15,14:08:26,Location 1,60.0,0.1,True,True,True,True,False,0.0,,0.3,26621.0,266218.0,9401408.0,0.79,10010249.0,0.0,0.5,1459.0,14590.0,515256.0,0.28,608841.0,0.79,1.0,220.0,2200.0,77694.0,0.55,93585.0,1.07,2.5,43.0,430.0,15185.0,1.05,15891.0,1.62,5.0,2.0,20.0,706.0,0.39,706.0,2.67,10.0,0.0,0.0,0.0,0.0,0.0,3.06,2026-06-02T23:04:50.204799
77,2026-04-15,14:09:26,Location 1,60.0,0.1,True,True,True,True,False,0.0,,0.3,23364.0,233652.0,8251359.0,0.69,8774395.0,0.0,0.5,1256.0,12560.0,443575.0,0.24,523036.0,0.69,1.0,192.0,1920.0,67807.0,0.48,79461.0,0.93,2.5,32.0,320.0,11301.0,0.78,11654.0,1.41,5.0,1.0,10.0,353.0,0.2,353.0,2.19,10.0,0.0,0.0,0.0,0.0,0.0,2.39,2026-06-02T23:04:50.564940
78,2026-04-15,14:10:26,Location 1,60.0,0.1,True,True,True,True,False,0.0,,0.3,23036.0,230380.0,8135805.0,0.68,8650030.0,0.0,0.5,1238.0,12381.0,437234.0,0.24,514225.0,0.68,1.0,180.0,1800.0,63572.0,0.45,76991.0,0.92,2.5,33.0,330.0,11654.0,0.8,13419.0,1.37,5.0,5.0,50.0,1765.0,0.98,1765.0,2.17,10.0,0.0,0.0,0.0,0.0,0.0,3.15,2026-06-02T23:04:50.937174
79,2026-04-15,14:11:26,Location 1,60.0,0.1,True,True,True,True,False,0.0,,0.3,20193.0,201943.0,7131562.0,0.6,7557836.0,0.0,0.5,1029.0,10290.0,363411.0,0.2,426274.0,0.6,1.0,144.0,1440.0,50856.0,0.36,62863.0,0.8,2.5,32.0,320.0,11301.0,0.78,12007.0,1.16,5.0,2.0,20.0,706.0,0.39,706.0,1.94,10.0,0.0,0.0,0.0,0.0,0.0,2.33,2026-06-02T23:04:51.301717
80,2026-04-15,14:12:26,Location 1,60.0,0.1,True,True,True,True,False,0.0,,0.3,24353.0,243526.0,8600058.0,0.72,9140363.0,0.0,0.5,1308.0,13079.0,461909.0,0.26,540305.0,0.72,1.0,192.0,1919.0,67803.0,0.48,78396.0,0.98,2.5,28.0,279.0,9887.0,0.68,10593.0,1.46,5.0,2.0,19.0,706.0,0.39,706.0,2.14,10.0,0.0,0.0,0.0,0.0,0.0,2.53,2026-06-02T23:04:51.661607
81,2026-04-15,14:13:26,Location 1,60.0,0.1,True,True,True,True,False,0.0,,0.3,22888.0,228910.0,8083903.0,0.68,8606981.0,0.0,0.5,1240.0,12401.0,437960.0,0.24,523078.0,0.68,1.0,203.0,2030.0,71698.0,0.5,85118.0,0.92,2.5,36.0,360.0,12714.0,0.88,13420.0,1.42,5.0,2.0,20.0,706.0,0.39,706.0,2.3,10.0,0.0,0.0,0.0,0.0,0.0,2.69,2026-06-02T23:04:52.022025
82,2026-04-15,14:14:26,Location 1,60.0,0.1,True,True,True,True,False,0.0,,0.3,25526.0,255268.0,9014712.0,0.76,9573406.0,0.0,0.5,1314.0,13140.0,464049.0,0.26,558694.0,0.76,1.0,239.0,2390.0,84404.0,0.59,94645.0,1.02,2.5,29.0,290.0,10241.0,0.71,10241.0,1.61,5.0,0.0,0.0,0.0,0.0,0.0,2.32,10.0,0.0,0.0,0.0,0.0,0.0,2.32,2026-06-02T23:04:52.389250
83,2026-04-15,14:15:26,Location 1,60.0,0.1,True,True,True,True,False,0.0,,0.3,25309.0,253116.0,8938725.0,0.75,9460729.0,0.0,0.5,1231.0,12311.0,434769.0,0.24,522004.0,0.75,1.0,214.0,2140.0,75581.0,0.53,87235.0,0.99,2.5,32.0,320.0,11301.0,0.78,11654.0,1.52,5.0,1.0,10.0,353.0,0.2,353.0,2.3,10.0,0.0,0.0,0.0,0.0,0.0,2.5,2026-06-02T23:04:52.756184
84,2026-04-15,14:16:26,Location 1,60.0,0.1,True,True,True,True,False,0.0,,0.3,27107.0,271113.0,9574269.0,0.8,10163763.0,0.0,0.5,1402.0,14022.0,495190.0,0.27,589494.0,0.8,1.0,233.0,2330.0,82296.0,0.58,94304.0,1.07,2.5,32.0,320.0,11302.0,0.78,12008.0,1.65,5.0,2.0,20.0,706.0,0.39,706.0,2.43,10.0,0.0,0.0,0.0,0.0,0.0,2.82,2026-06-02T23:04:53.117964
85,2026-04-15,14:17:26,Location 1,60.0,0.1,True,True,True,True,False,0.0,,0.3,27155.0,271559.0,9590042.0,0.8,10177698.0,0.0,0.5,1408.0,14080.0,497248.0,0.27,587656.0,0.8,1.0,224.0,2240.0,79107.0,0.56,90408.0,1.07,2.5,32.0,320.0,11301.0,0.78,11301.0,1.63,5.0,0.0,0.0,0.0,0.0,0.0,2.41,10.0,0.0,0.0,0.0,0.0,0.0,2.41,2026-06-02T23:04:53.483553
86,2026-04-15,14:18:26,Location 1,60.0,0.1,True,True,True,True,False,0.0,,0.3,26422.0,264232.0,9331274.0,0.78,9922820.0,0.0,0.5,1412.0,14120.0,498666.0,0.28,591546.0,0.78,1.0,220.0,2200.0,77695.0,0.55,92880.0,1.06,2.5,41.0,410.0,14479.0,1.0,15185.0,1.61,5.0,2.0,20.0,706.0,0.39,706.0,2.61,10.0,0.0,0.0,0.0,0.0,0.0,3.0,2026-06-02T23:04:53.845781
87,2026-04-15,14:19:26,Location 1,60.0,0.1,True,True,True,True,False,0.0,,0.3,26458.0,264594.0,9344082.0,0.78,9886191.0,0.0,0.5,1322.0,13220.0,466886.0,0.26,542109.0,0.78,1.0,184.0,1840.0,64982.0,0.46,75223.0,1.04,2.5,26.0,260.0,9182.0,0.63,10241.0,1.5,5.0,3.0,30.0,1059.0,0.59,1059.0,2.13,10.0,0.0,0.0,0.0,0.0,0.0,2.72,2026-06-02T23:04:54.204422
88,2026-04-15,14:20:26,Location 1,60.0,0.1,True,True,True,True,False,0.0,,0.3,25015.0,250142.0,8833685.0,0.74,9358442.0,0.0,0.5,1255.0,12549.0,443185.0,0.24,524757.0,0.74,1.0,191.0,1909.0,67448.0,0.47,81572.0,0.98,2.5,36.0,359.0,12712.0,0.88,14124.0,1.45,5.0,4.0,39.0,1412.0,0.78,1412.0,2.33,10.0,0.0,0.0,0.0,0.0,0.0,3.11,2026-06-02T23:04:54.565023
89,2026-04-15,14:21:26,Location 1,60.0,0.1,True,True,True,True,False,0.0,,0.3,24311.0,243117.0,8585629.0,0.72,9090996.0,0.0,0.5,1207.0,12070.0,426261.0,0.24,505367.0,0.72,1.0,198.0,1980.0,69925.0,0.49,79106.0,0.96,2.5,25.0,250.0,8828.0,0.61,9181.0,1.45,5.0,1.0,10.0,353.0,0.2,353.0,2.06,10.0,0.0,0.0,0.0,0.0,0.0,2.26,2026-06-02T23:04:54.938145
90,2026-04-15,14:22:26,Location 1,60.0,0.1,True,True,True,True,False,0.0,,0.3,24387.0,243869.0,8612156.0,0.72,9130219.0,0.0,0.5,1254.0,12539.0,442844.0,0.24,518063.0,0.72,1.0,170.0,1699.0,60034.0,0.42,75219.0,0.96,2.5,42.0,419.0,14832.0,1.02,15185.0,1.38,5.0,1.0,9.0,353.0,0.2,353.0,2.4,10.0,0.0,0.0,0.0,0.0,0.0,2.6,2026-06-02T23:04:55.297387
91,2026-04-15,14:23:26,Location 1,60.0,0.1,True,True,True,True,False,0.0,,0.3,24461.0,244646.0,8639614.0,0.72,9161640.0,0.0,0.5,1262.0,12621.0,445737.0,0.25,522026.0,0.72,1.0,190.0,1900.0,67107.0,0.47,76289.0,0.97,2.5,23.0,230.0,8123.0,0.56,9182.0,1.44,5.0,3.0,30.0,1059.0,0.59,1059.0,2.0,10.0,0.0,0.0,0.0,0.0,0.0,2.59,2026-06-02T23:04:55.658821
92,2026-04-15,14:24:26,Location 1,60.0,0.1,True,True,True,True,False,0.0,,0.3,23375.0,233755.0,8255006.0,0.69,8743418.0,0.0,0.5,1168.0,11680.0,412485.0,0.23,488412.0,0.69,1.0,185.0,1850.0,65333.0,0.46,75927.0,0.92,2.5,29.0,290.0,10241.0,0.71,10594.0,1.38,5.0,1.0,10.0,353.0,0.2,353.0,2.09,10.0,0.0,0.0,0.0,0.0,0.0,2.29,2026-06-02T23:04:56.018964
93,2026-04-15,14:25:26,Location 1,60.0,0.1,True,True,True,True,False,0.0,,0.3,24324.0,243234.0,8589742.0,0.72,9096847.0,0.0,0.5,1202.0,12019.0,424472.0,0.23,507105.0,0.72,1.0,197.0,1969.0,69568.0,0.49,82633.0,0.95,2.5,36.0,359.0,12712.0,0.88,13065.0,1.44,5.0,1.0,9.0,353.0,0.2,353.0,2.32,10.0,0.0,0.0,0.0,0.0,0.0,2.52,2026-06-02T23:04:56.382974
94,2026-04-15,14:26:26,Location 1,60.0,0.1,True,True,True,True,False,0.0,,0.3,19254.0,192540.0,6799520.0,0.57,7208817.0,0.0,0.5,994.0,9940.0,351029.0,0.19,409297.0,0.57,1.0,139.0,1390.0,49087.0,0.34,58268.0,0.76,2.5,25.0,250.0,8828.0,0.61,9181.0,1.1,5.0,1.0,10.0,353.0,0.2,353.0,1.71,10.0,0.0,0.0,0.0,0.0,0.0,1.91,2026-06-02T23:04:56.758097
95,2026-04-15,14:27:26,Location 1,60.0,0.1,True,True,True,True,False,0.0,,0.3,22942.0,229442.0,8102674.0,0.68,8585117.0,0.0,0.5,1151.0,11511.0,406511.0,0.22,482443.0,0.68,1.0,185.0,1850.0,65338.0,0.46,75932.0,0.9,2.5,26.0,260.0,9182.0,0.63,10594.0,1.36,5.0,4.0,40.0,1412.0,0.78,1412.0,1.99,10.0,0.0,0.0,0.0,0.0,0.0,2.77,2026-06-02T23:04:57.118037
96,2026-04-15,14:28:26,Location 1,60.0,0.1,True,True,True,True,False,0.0,,0.3,24759.0,247585.0,8743402.0,0.73,9281940.0,0.0,0.5,1297.0,12969.0,458023.0,0.25,538538.0,0.73,1.0,207.0,2069.0,73100.0,0.51,80515.0,0.98,2.5,21.0,209.0,7415.0,0.51,7415.0,1.49,5.0,0.0,0.0,0.0,0.0,0.0,2.0,10.0,0.0,0.0,0.0,0.0,0.0,2.0,2026-06-02T23:04:57.478518
97,2026-04-15,14:29:26,Location 1,60.0,0.1,True,True,True,True,False,0.0,,0.3,24129.0,241308.0,8521742.0,0.71,9062096.0,0.0,0.5,1290.0,12901.0,455594.0,0.25,540354.0,0.71,1.0,209.0,2090.0,73813.0,0.52,84760.0,0.96,2.5,28.0,280.0,9888.0,0.68,10947.0,1.48,5.0,3.0,30.0,1059.0,0.59,1059.0,2.16,10.0,0.0,0.0,0.0,0.0,0.0,2.75,2026-06-02T23:04:57.839746
98,2026-04-15,14:30:26,Location 1,60.0,0.1,True,True,True,True,False,0.0,,0.3,19890.0,198900.0,7024116.0,0.59,7446833.0,0.0,0.5,1033.0,10330.0,364802.0,0.2,422717.0,0.59,1.0,137.0,1370.0,48381.0,0.34,57915.0,0.79,2.5,25.0,250.0,8828.0,0.61,9534.0,1.13,5.0,2.0,20.0,706.0,0.39,706.0,1.74,10.0,0.0,0.0,0.0,0.0,0.0,2.13,2026-06-02T23:04:58.204016
99,2026-04-15,14:31:26,Location 1,60.0,0.1,True,True,True,True,False,0.0,,0.3,17818.0,178177.0,6292274.0,0.53,6683905.0,0.0,0.5,952.0,9519.0,336190.0,0.19,391631.0,0.53,1.0,127.0,1269.0,44848.0,0.31,55441.0,0.72,2.5,28.0,279.0,9887.0,0.68,10593.0,1.03,5.0,2.0,19.0,706.0,0.39,706.0,1.71,10.0,0.0,0.0,0.0,0.0,0.0,2.1,2026-06-02T23:04:58.569422
100,2026-04-15,14:32:26,Location 1,60.0,0.1,True,True,True,True,False,0.0,,0.3,20508.0,205088.0,7242616.0,0.61,7666407.0,0.0,0.5,1012.0,10120.0,357398.0,0.2,423791.0,0.61,1.0,151.0,1510.0,53327.0,0.37,66393.0,0.81,2.5,33.0,330.0,11654.0,0.8,13066.0,1.18,5.0,4.0,40.0,1412.0,0.78,1412.0,1.98,10.0,0.0,0.0,0.0,0.0,0.0,2.76,2026-06-02T23:04:58.948513
101,2026-04-15,14:33:26,Location 1,60.0,0.1,True,True,True,True,False,0.0,,0.3,22620.0,226231.0,7989304.0,0.67,8463292.0,0.0,0.5,1142.0,11421.0,403350.0,0.22,473988.0,0.67,1.0,173.0,1730.0,61102.0,0.43,70638.0,0.89,2.5,27.0,270.0,9536.0,0.66,9536.0,1.32,5.0,0.0,0.0,0.0,0.0,0.0,1.98,10.0,0.0,0.0,0.0,0.0,0.0,1.98,2026-06-02T23:04:59.309290
102,2026-04-15,14:34:26,Location 1,60.0,0.1,True,True,True,True,False,0.0,,0.3,23515.0,235166.0,8304836.0,0.7,8809517.0,0.0,0.5,1246.0,12460.0,440052.0,0.24,504681.0,0.7,1.0,156.0,1560.0,55094.0,0.39,64629.0,0.94,2.5,26.0,260.0,9182.0,0.63,9535.0,1.33,5.0,1.0,10.0,353.0,0.2,353.0,1.96,10.0,0.0,0.0,0.0,0.0,0.0,2.16,2026-06-02T23:04:59.669306
103,2026-05-04,12:35:55,Location 1,60.0,0.1,True,True,True,True,False,0.0,,0.3,15025.0,150245.0,5305872.0,0.44,6182708.0,0.0,0.5,1410.0,14099.0,497922.0,0.28,876836.0,0.44,1.0,521.0,5209.0,183984.0,1.29,378914.0,0.72,2.5,384.0,3839.0,135604.0,9.36,194930.0,2.01,5.0,150.0,1499.0,52970.0,29.26,59326.0,11.37,10.0,18.0,179.0,6356.0,28.09,6356.0,40.630001,2026-06-02T23:05:00.027380
104,2026-05-04,15:58:13,Location 1,60.0,0.1,True,True,True,True,False,0.0,,0.3,13984.0,139807.0,4937259.0,0.41,5960791.0,0.0,0.5,1676.0,16756.0,591736.0,0.33,1023532.0,0.41,1.0,600.0,5998.0,211838.0,1.49,431796.0,0.74,2.5,425.0,4249.0,150052.0,10.36,219958.0,2.23,5.0,164.0,1639.0,57902.0,31.99,69906.0,12.59,10.0,34.0,339.0,12004.0,53.060001,12004.0,44.580002,2026-06-02T23:05:00.396226
105,2026-05-04,15:59:13,Location 1,60.0,0.1,True,True,True,True,False,0.0,,0.3,14124.0,141239.0,4987809.0,0.42,5982968.0,0.0,0.5,1714.0,17139.0,605289.0,0.33,995159.0,0.42,1.0,607.0,6069.0,214358.0,1.5,389870.0,0.75,2.5,340.0,3399.0,120069.0,8.29,175512.0,2.25,5.0,135.0,1349.0,47674.0,26.33,55443.0,10.54,10.0,22.0,219.0,7769.0,34.330002,7769.0,36.869999,2026-06-02T23:05:00.757932
106,2026-05-04,16:00:13,Location 1,60.0,0.1,True,True,True,True,False,0.0,,0.3,13821.0,138239.0,4881885.0,0.41,5811918.0,0.0,0.5,1660.0,16603.0,586349.0,0.32,930033.0,0.41,1.0,574.0,5741.0,202749.0,1.42,343684.0,0.73,2.5,285.0,2850.0,100668.0,6.95,140935.0,2.15,5.0,90.0,900.0,31790.0,17.559999,40267.0,9.1,10.0,24.0,240.0,8477.0,37.450001,8477.0,26.66,2026-06-02T23:05:01.119570
107,2026-05-04,16:01:13,Location 1,60.0,0.1,True,True,True,True,False,0.0,,0.3,13865.0,138661.0,4896788.0,0.41,5763832.0,0.0,0.5,1576.0,15761.0,556605.0,0.31,867044.0,0.41,1.0,515.0,5150.0,181885.0,1.28,310439.0,0.72,2.5,275.0,2750.0,97123.0,6.71,128554.0,2.0,5.0,73.0,730.0,25781.0,14.24,31431.0,8.71,10.0,16.0,160.0,5650.0,24.969999,5650.0,22.950001,2026-06-02T23:05:01.478963
108,2026-05-04,16:02:13,Location 1,60.0,0.1,True,True,True,True,False,0.0,,0.3,13667.0,136669.0,4826449.0,0.4,5633739.0,0.0,0.5,1574.0,15739.0,555852.0,0.31,807290.0,0.4,1.0,464.0,4639.0,163859.0,1.15,251438.0,0.71,2.5,187.0,1869.0,66038.0,4.56,87579.0,1.86,5.0,52.0,519.0,18363.0,10.14,21541.0,6.42,10.0,9.0,89.0,3178.0,14.04,3178.0,16.560001,2026-06-02T23:05:01.841249
109,2026-05-04,16:03:13,Location 1,60.0,0.1,True,True,True,True,False,0.0,,0.3,13639.0,136401.0,4816964.0,0.4,5636681.0,0.0,0.5,1512.0,15121.0,534001.0,0.29,819717.0,0.4,1.0,506.0,5060.0,178706.0,1.25,285716.0,0.69,2.5,233.0,2330.0,82289.0,5.68,107010.0,1.94,5.0,59.0,590.0,20837.0,11.51,24721.0,7.62,10.0,11.0,110.0,3884.0,17.17,3884.0,19.130001,2026-06-02T23:05:02.204024
110,2026-05-04,16:04:13,Location 1,60.0,0.1,True,True,True,True,False,0.0,,0.3,14132.0,141324.0,4990843.0,0.42,5968031.0,0.0,0.5,1692.0,16920.0,597545.0,0.33,977188.0,0.42,1.0,597.0,5970.0,210835.0,1.48,379643.0,0.75,2.5,351.0,3510.0,123958.0,8.56,168808.0,2.23,5.0,113.0,1130.0,39906.0,22.040001,44850.0,10.790001,10.0,14.0,140.0,4944.0,21.85,4944.0,32.830002,2026-06-02T23:05:02.563470
111,2026-05-04,16:05:13,Location 1,60.0,0.1,True,True,True,True,False,0.0,,0.3,14222.0,142235.0,5023007.0,0.42,6021108.0,0.0,0.5,1680.0,16801.0,593352.0,0.33,998101.0,0.42,1.0,599.0,5990.0,211558.0,1.48,404749.0,0.75,2.5,394.0,3940.0,139155.0,9.61,193191.0,2.23,5.0,132.0,1320.0,46620.0,25.75,54036.0,11.84,10.0,21.0,210.0,7416.0,32.77,7416.0,37.59,2026-06-02T23:05:02.924103
112,2026-05-04,16:06:13,Location 1,60.0,0.1,True,True,True,True,False,0.0,,0.3,13694.0,136950.0,4836368.0,0.41,5900127.0,0.0,0.5,1652.0,16521.0,583443.0,0.32,1063759.0,0.41,1.0,656.0,6560.0,231682.0,1.63,480316.0,0.73,2.5,460.0,4600.0,162460.0,11.22,248634.0,2.36,5.0,207.0,2070.0,73107.0,40.380001,86174.0,13.58,10.0,37.0,370.0,13067.0,57.740002,13067.0,53.959999,2026-06-02T23:05:03.284599
113,2026-05-04,16:07:13,Location 1,60.0,0.1,True,True,True,True,False,0.0,,0.3,13894.0,138936.0,4906502.0,0.41,5956379.0,0.0,0.5,1644.0,16439.0,580559.0,0.32,1049877.0,0.41,1.0,636.0,6359.0,224595.0,1.58,469318.0,0.73,2.5,461.0,4609.0,162796.0,11.24,244723.0,2.31,5.0,199.0,1989.0,70274.0,38.82,81927.0,13.549999,10.0,33.0,329.0,11653.0,51.5,11653.0,52.369999,2026-06-02T23:05:03.645497
114,2026-05-04,16:08:13,Location 1,60.0,0.1,True,True,True,True,False,0.0,,0.3,13370.0,133713.0,4722047.0,0.4,5719784.0,0.0,0.5,1689.0,16891.0,596524.0,0.33,997737.0,0.4,1.0,573.0,5730.0,202373.0,1.42,401213.0,0.73,2.5,366.0,3660.0,129264.0,8.92,198840.0,2.15,5.0,174.0,1740.0,61453.0,33.939999,69576.0,11.07,10.0,23.0,230.0,8123.0,35.889999,8123.0,45.009998,2026-06-02T23:05:04.008385
115,2026-05-04,16:09:13,Location 1,60.0,0.1,True,True,True,True,False,0.0,,0.3,13598.0,136004.0,4802952.0,0.4,5767566.0,0.0,0.5,1582.0,15822.0,558778.0,0.31,964614.0,0.4,1.0,580.0,5801.0,204861.0,1.44,405836.0,0.71,2.5,399.0,3990.0,140930.0,9.73,200975.0,2.15,5.0,146.0,1460.0,51568.0,28.48,60045.0,11.879999,10.0,24.0,240.0,8477.0,37.450001,8477.0,40.360001,2026-06-02T23:05:04.373554
116,2026-05-04,16:10:13,Location 1,60.0,0.1,True,True,True,True,False,0.0,,0.3,13529.0,135301.0,4778139.0,0.4,5687569.0,0.0,0.5,1549.0,15491.0,547072.0,0.3,909430.0,0.4,1.0,551.0,5510.0,194600.0,1.37,362358.0,0.7,2.5,334.0,3340.0,117961.0,8.14,167758.0,2.07,5.0,112.0,1120.0,39555.0,21.85,49797.0,10.210001,10.0,29.0,290.0,10242.0,45.25,10242.0,32.060001,2026-06-02T23:05:04.758168
117,2026-05-04,16:11:13,Location 1,60.0,0.1,True,True,True,True,False,0.0,,0.3,13268.0,132669.0,4685186.0,0.39,5557035.0,0.0,0.5,1543.0,15428.0,544863.0,0.3,871849.0,0.39,1.0,519.0,5189.0,183268.0,1.29,326986.0,0.69,2.5,311.0,3109.0,109820.0,7.58,143718.0,1.98,5.0,83.0,829.0,29308.0,16.190001,33898.0,9.559999,10.0,13.0,129.0,4590.0,20.290001,4590.0,25.75,2026-06-02T23:05:05.122322
118,2026-05-28,14:50:14,Location 1,60.0,0.1,True,True,True,True,False,0.0,,0.3,3566.0,35659.0,1259287.0,0.11,1407601.0,0.0,0.5,210.0,2099.0,74158.0,0.04,148314.0,0.11,1.0,104.0,1039.0,36726.0,0.26,74156.0,0.15,2.5,65.0,649.0,22953.0,1.58,37430.0,0.41,5.0,34.0,339.0,12006.0,6.63,14477.0,1.99,10.0,7.0,69.0,2471.0,10.92,2471.0,8.62,2026-06-02T23:05:05.482567
119,2026-05-28,15:14:43,Location 1,60.0,0.1,True,True,True,True,False,0.0,,0.3,3181.0,31813.0,1123474.0,0.09,1308892.0,0.0,0.5,298.0,2980.0,105248.0,0.06,185418.0,0.09,1.0,123.0,1230.0,43441.0,0.3,80170.0,0.15,2.5,70.0,700.0,24722.0,1.71,36729.0,0.45,5.0,31.0,310.0,10948.0,6.05,12007.0,2.16,10.0,3.0,30.0,1059.0,4.68,1059.0,8.21,2026-06-02T23:05:05.845216
120,2026-05-28,15:28:43,Location 1,60.0,0.1,True,True,True,True,False,0.0,,0.3,2847.0,28467.0,1005311.0,0.08,1163150.0,0.0,0.5,238.0,2379.0,84040.0,0.05,157839.0,0.08,1.0,121.0,1209.0,42726.0,0.3,73799.0,0.13,2.5,65.0,649.0,22952.0,1.58,31073.0,0.43,5.0,21.0,209.0,7415.0,4.1,8121.0,2.01,10.0,2.0,19.0,706.0,3.12,706.0,6.11,2026-06-02T23:05:06.205263
121,2026-05-28,15:40:27,Location 1,60.0,0.1,True,True,True,True,False,0.0,,0.3,3055.0,30549.0,1078853.0,0.09,1476137.0,0.0,0.5,400.0,3999.0,141257.0,0.08,397284.0,0.09,1.0,262.0,2619.0,92523.0,0.65,256027.0,0.17,2.5,297.0,2969.0,104883.0,7.24,163504.0,0.82,5.0,149.0,1489.0,52618.0,29.059999,58621.0,8.059999,10.0,17.0,169.0,6003.0,26.530001,6003.0,37.119999,2026-06-02T23:05:06.565355
122,2026-05-28,16:12:17,Location 1,60.0,0.1,True,True,True,True,False,0.0,,0.3,3206.0,32057.0,1132106.0,0.09,1666376.0,0.0,0.5,463.0,4629.0,163495.0,0.09,534270.0,0.09,1.0,389.0,3889.0,137364.0,0.96,370775.0,0.18,2.5,450.0,4499.0,158904.0,10.97,233411.0,1.14,5.0,187.0,1869.0,66033.0,36.48,74507.0,12.110001,10.0,24.0,239.0,8474.0,37.450001,8474.0,48.59,2026-06-02T23:05:06.924514
123,2026-05-28,16:21:09,Location 1,60.0,0.1,True,True,True,True,False,0.0,,0.3,2960.0,29600.0,1045348.0,0.09,1399564.0,0.0,0.5,370.0,3700.0,130668.0,0.07,354216.0,0.09,1.0,254.0,2540.0,89702.0,0.63,223548.0,0.16,2.5,281.0,2810.0,99237.0,6.85,133846.0,0.79,5.0,85.0,850.0,30018.0,16.58,34609.0,7.64,10.0,13.0,130.0,4591.0,20.290001,4591.0,24.219999,2026-06-02T23:05:07.289494
124,2026-05-29,14:18:52,Location 1,60.0,0.1,True,True,True,True,False,20.0,45,0.3,12054.0,120537.0,4256732.0,0.36,4446718.0,0.0,0.5,356.0,3559.0,125717.0,0.07,189986.0,0.36,1.0,106.0,1059.0,37432.0,0.26,64269.0,0.43,2.5,48.0,479.0,16950.0,1.17,26837.0,0.69,5.0,24.0,239.0,8475.0,4.68,9887.0,1.86,10.0,4.0,39.0,1412.0,6.24,1412.0,6.54,2026-06-02T23:05:07.655246
125,2026-05-29,14:34:51,Location 1,60.0,0.1,True,True,True,True,False,20.8,43,0.3,12215.0,122191.0,4315139.0,0.36,4592097.0,0.0,0.5,407.0,4071.0,143779.0,0.08,276958.0,0.36,1.0,177.0,1770.0,62528.0,0.44,133179.0,0.44,2.5,138.0,1380.0,48750.0,3.36,70651.0,0.88,5.0,55.0,550.0,19429.0,10.73,21901.0,4.24,10.0,7.0,70.0,2472.0,10.92,2472.0,14.969999,2026-06-02T23:05:08.016743
126,2026-05-29,14:55:13,Location 1,60.0,0.1,True,True,True,True,False,21.4,41,0.3,12715.0,127180.0,4491322.0,0.38,4728338.0,0.0,0.5,396.0,3960.0,139879.0,0.08,237016.0,0.38,1.0,125.0,1250.0,44153.0,0.31,97137.0,0.46,2.5,96.0,960.0,33910.0,2.34,52984.0,0.77,5.0,49.0,490.0,17308.0,9.56,19074.0,3.11,10.0,5.0,50.0,1766.0,7.8,1766.0,12.67,2026-06-02T23:05:08.382845
127,2026-05-29,15:07:32,Location 1,60.0,0.1,True,True,True,True,False,21.9,41,0.3,12656.0,126554.0,4469217.0,0.37,4865428.0,0.0,0.5,484.0,4839.0,170915.0,0.09,396211.0,0.37,1.0,193.0,1929.0,68154.0,0.48,225296.0,0.46,2.5,270.0,2699.0,95345.0,6.58,157142.0,0.94,5.0,144.0,1439.0,50850.0,28.09,61797.0,7.52,10.0,31.0,309.0,10947.0,48.380001,10947.0,35.610001,2026-06-02T23:05:08.758365
128,2026-05-29,16:16:27,Location 1,60.0,0.1,True,True,True,True,False,23.4,38,0.3,12262.0,122632.0,4330735.0,0.36,4496375.0,0.0,0.5,343.0,3430.0,121141.0,0.07,165640.0,0.36,1.0,73.0,730.0,25782.0,0.18,44499.0,0.43,2.5,37.0,370.0,13067.0,0.9,18717.0,0.61,5.0,14.0,140.0,4944.0,2.73,5650.0,1.51,10.0,2.0,20.0,706.0,3.12,706.0,4.24,2026-06-02T23:05:09.120110
129,2026-05-29,16:20:33,Location 1,60.0,0.1,True,True,True,True,False,23.6,37,0.3,12084.0,120851.0,4267844.0,0.36,4479396.0,0.0,0.5,380.0,3800.0,134208.0,0.07,211552.0,0.36,1.0,108.0,1080.0,38143.0,0.27,77344.0,0.43,2.5,85.0,850.0,30020.0,2.07,39201.0,0.7,5.0,21.0,210.0,7416.0,4.1,9181.0,2.77,10.0,5.0,50.0,1765.0,7.8,1765.0,6.87,2026-06-02T23:05:09.482477
130,2026-05-29,16:28:36,Location 1,60.0,0.1,True,True,True,True,False,23.4,38,0.3,12583.0,125844.0,4444154.0,0.37,4608031.0,0.0,0.5,361.0,3610.0,127500.0,0.07,163877.0,0.37,1.0,68.0,680.0,24016.0,0.17,36377.0,0.44,2.5,29.0,290.0,10242.0,0.71,12361.0,0.61,5.0,6.0,60.0,2119.0,1.17,2119.0,1.32,10.0,0.0,0.0,0.0,0.0,0.0,2.49,2026-06-02T23:05:09.842617
131,2026-05-29,16:35:02,Location 1,60.0,0.1,True,True,True,True,False,23.2,38,0.3,12644.0,126475.0,4466452.0,0.37,4619405.0,0.0,0.5,330.0,3300.0,116571.0,0.06,152953.0,0.37,1.0,66.0,660.0,23314.0,0.16,36382.0,0.43,2.5,31.0,310.0,10950.0,0.76,13068.0,0.59,5.0,4.0,40.0,1412.0,0.78,2118.0,1.35,10.0,2.0,20.0,706.0,3.12,706.0,2.13,2026-06-02T23:05:10.204546
132,2026-05-29,17:07:24,Location 1,60.0,0.1,True,True,True,True,False,23.1,39,0.3,13013.0,130139.0,4595817.0,0.39,4973708.0,0.0,0.5,475.0,4750.0,167756.0,0.09,377891.0,0.39,1.0,214.0,2140.0,75578.0,0.53,210135.0,0.48,2.5,249.0,2490.0,87939.0,6.07,134557.0,1.01,5.0,114.0,1140.0,40261.0,22.24,46618.0,7.08,10.0,18.0,180.0,6357.0,28.09,6357.0,29.32,2026-06-02T23:05:10.562426
133,2026-06-02,13:57:55,Location 1,60.0,0.1,True,True,True,True,False,20.6,40,0.3,7827.0,78253.0,2763490.0,0.23,3395486.0,0.0,0.5,464.0,4639.0,163825.0,0.09,631996.0,0.23,1.0,387.0,3869.0,136638.0,0.96,468171.0,0.32,2.5,513.0,5128.0,181125.0,12.51,331533.0,1.28,5.0,356.0,3559.0,125693.0,69.440002,150408.0,13.79,10.0,70.0,699.0,24715.0,109.239998,24715.0,83.230003,2026-06-02T23:05:10.922035
134,2026-06-02,14:01:54,Location 1,60.0,0.1,True,True,True,True,False,20.8,40,0.3,8768.0,87704.0,3097261.0,0.26,4576300.0,0.0,0.5,680.0,6801.0,240207.0,0.13,1479039.0,0.26,1.0,847.0,8472.0,299199.0,2.1,1238832.0,0.39,2.5,1408.0,14083.0,497370.0,34.330002,939633.0,2.49,5.0,1054.0,10542.0,372321.0,205.600006,442263.0,36.82,10.0,198.0,1980.0,69942.0,308.980011,69942.0,242.420013,2026-06-02T23:05:11.285340
135,2026-06-02,14:30:16,Location 1,60.0,0.1,True,True,True,True,False,22.4,36,0.3,8542.0,85446.0,3017526.0,0.25,4638623.0,0.0,0.5,721.0,7212.0,254698.0,0.14,1621097.0,0.25,1.0,928.0,9282.0,327823.0,2.3,1366399.0,0.39,2.5,1726.0,17265.0,609722.0,42.080002,1038576.0,2.69,5.0,1012.0,10123.0,357496.0,197.399994,428854.0,44.77,10.0,202.0,2020.0,71358.0,315.220001,71358.0,242.169998,2026-06-02T23:05:11.649712
136,2026-06-02,15:01:22,Location 1,60.0,0.1,True,True,True,True,False,22.5,36,0.3,6935.0,69358.0,2449387.0,0.21,2743947.0,0.0,0.5,313.0,3130.0,110549.0,0.06,294560.0,0.21,1.0,154.0,1540.0,54391.0,0.38,184011.0,0.27,2.5,217.0,2170.0,76642.0,5.29,129620.0,0.65,5.0,123.0,1230.0,43442.0,23.99,52978.0,5.94,10.0,27.0,270.0,9536.0,42.130001,9536.0,29.93,2026-06-02T23:05:12.013868
137,2026-06-02,15:32:29,Location 1,60.0,0.1,True,True,True,True,False,22.9,35,0.3,6820.0,68199.0,2408438.0,0.2,2718495.0,0.0,0.5,331.0,3309.0,116890.0,0.06,310057.0,0.2,1.0,206.0,2059.0,72747.0,0.51,193167.0,0.26,2.5,229.0,2289.0,80869.0,5.58,120420.0,0.77,5.0,101.0,1009.0,35667.0,19.700001,39551.0,6.35,10.0,11.0,109.0,3884.0,17.17,3884.0,26.050001,2026-06-02T23:05:12.383252
138,2026-06-02,15:42:41,Location 1,60.0,0.1,True,True,True,True,False,23.4,34,0.3,6383.0,63826.0,2254007.0,0.19,2485303.0,0.0,0.5,306.0,3059.0,108056.0,0.06,231296.0,0.19,1.0,150.0,1499.0,52969.0,0.37,123240.0,0.25,2.5,130.0,1299.0,45906.0,3.17,70271.0,0.62,5.0,60.0,599.0,21187.0,11.7,24365.0,3.79,10.0,9.0,89.0,3178.0,14.04,3178.0,15.49,2026-06-02T23:05:12.761388
139,2026-06-02,15:58:26,Location 1,60.0,0.1,True,True,True,True,False,23.8,34,0.3,7933.0,79326.0,2801374.0,0.23,4451546.0,0.0,0.5,990.0,9899.0,349598.0,0.19,1650172.0,0.23,1.0,1109.0,11089.0,391620.0,2.75,1300574.0,0.42,2.5,1593.0,15929.0,562535.0,38.84,908954.0,3.17,5.0,836.0,8359.0,295216.0,163.070007,346419.0,42.010002,10.0,145.0,1449.0,51203.0,226.270004,51203.0,205.080017,2026-06-02T23:05:13.127321
140,2026-06-02,16:44:13,Location 1,60.0,0.1,True,True,True,True,False,24.3,32,0.3,7177.0,71785.0,2535075.0,0.21,3376448.0,0.0,0.5,620.0,6201.0,218997.0,0.12,841373.0,0.21,1.0,605.0,6051.0,213699.0,1.5,622376.0,0.33,2.5,753.0,7531.0,265976.0,18.360001,408677.0,1.83,5.0,352.0,3520.0,124334.0,68.660004,142701.0,20.190001,10.0,52.0,520.0,18367.0,81.150002,18367.0,88.850006,2026-06-02T23:05:13.487420
141,2026-06-02,17:20:30,Location 1,60.0,0.1,True,True,True,True,False,25.0,26,0.3,24145.0,241473.0,8527568.0,0.71,8987408.0,0.0,0.5,1053.0,10531.0,371900.0,0.21,459840.0,0.71,1.0,190.0,1900.0,67104.0,0.47,87940.0,0.92,2.5,42.0,420.0,14833.0,1.02,20836.0,1.39,5.0,15.0,150.0,5297.0,2.93,6003.0,2.41,10.0,2.0,20.0,706.0,3.12,706.0,5.34,2026-06-02T23:05:13.848952
142,2026-06-02,17:40:25,Location 1,60.0,0.1,True,True,True,True,False,25.0,26,0.3,24218.0,242189.0,8552837.0,0.72,8972037.0,0.0,0.5,1006.0,10060.0,355279.0,0.2,419200.0,0.72,1.0,145.0,1450.0,51208.0,0.36,63921.0,0.92,2.5,33.0,330.0,11654.0,0.8,12713.0,1.28,5.0,3.0,30.0,1059.0,0.59,1059.0,2.08,10.0,0.0,0.0,0.0,0.0,0.0,2.67,2026-06-02T23:05:14.208161
143,2026-06-02,17:59:19,Location 1,60.0,0.1,True,True,True,True,False,25.0,26,0.3,23358.0,233585.0,8248990.0,0.69,8652997.0,0.0,0.5,972.0,9720.0,343266.0,0.19,404007.0,0.69,1.0,139.0,1390.0,49088.0,0.34,60741.0,0.88,2.5,30.0,300.0,10594.0,0.73,11653.0,1.22,5.0,3.0,30.0,1059.0,0.59,1059.0,1.95,10.0,0.0,0.0,0.0,0.0,0.0,2.54,2026-06-02T23:05:14.569440
144,2026-06-02,18:31:22,Location 1,60.0,0.1,True,True,True,True,False,25.2,25,0.3,21390.0,213907.0,7554082.0,0.63,7932667.0,0.0,0.5,926.0,9260.0,327025.0,0.18,378585.0,0.63,1.0,118.0,1180.0,41672.0,0.29,51560.0,0.81,2.5,27.0,270.0,9535.0,0.66,9888.0,1.1,5.0,1.0,10.0,353.0,0.2,353.0,1.76,10.0,0.0,0.0,0.0,0.0,0.0,1.96,2026-06-02T23:05:14.931465
145,2026-06-02,18:50:07,Location 1,60.0,0.1,True,True,True,True,False,25.4,24,0.3,22046.0,220471.0,7785860.0,0.65,8169748.0,0.0,0.5,941.0,9410.0,332327.0,0.18,383888.0,0.65,1.0,112.0,1120.0,39554.0,0.28,51561.0,0.83,2.5,33.0,330.0,11654.0,0.8,12007.0,1.11,5.0,1.0,10.0,353.0,0.2,353.0,1.91,10.0,0.0,0.0,0.0,0.0,0.0,2.11,2026-06-02T23:05:15.292399
146,2026-06-02,18:59:42,Location 1,60.0,0.1,True,True,True,True,False,25.2,25,0.3,22709.0,227078.0,8019217.0,0.67,8410836.0,0.0,0.5,950.0,9499.0,335473.0,0.19,391619.0,0.67,1.0,127.0,1269.0,44847.0,0.31,56146.0,0.86,2.5,30.0,299.0,10593.0,0.73,11299.0,1.17,5.0,2.0,19.0,706.0,0.39,706.0,1.9,10.0,0.0,0.0,0.0,0.0,0.0,2.29,2026-06-02T23:05:15.655358
147,2026-06-02,19:30:54,Location 1,60.0,0.1,True,True,True,True,False,25.3,25,0.3,22762.0,227633.0,8038797.0,0.67,8467540.0,0.0,0.5,1063.0,10630.0,375416.0,0.21,428743.0,0.67,1.0,128.0,1280.0,45205.0,0.32,53327.0,0.88,2.5,21.0,210.0,7416.0,0.51,8122.0,1.2,5.0,2.0,20.0,706.0,0.39,706.0,1.71,10.0,0.0,0.0,0.0,0.0,0.0,2.1,2026-06-02T23:05:16.013883
148,2026-06-02,20:02:02,Location 1,60.0,0.1,True,True,True,True,False,25.0,30,0.3,28130.0,281314.0,9934521.0,0.83,10597763.0,0.0,0.5,1665.0,16650.0,588019.0,0.32,663242.0,0.83,1.0,190.0,1900.0,67101.0,0.47,75223.0,1.15,2.5,19.0,190.0,6710.0,0.46,8122.0,1.62,5.0,4.0,40.0,1412.0,0.78,1412.0,2.08,10.0,0.0,0.0,0.0,0.0,0.0,2.86,2026-06-02T23:05:16.381209
149,2026-06-02,20:32:04,Location 1,60.0,0.1,True,True,True,True,False,24.9,35,0.3,34330.0,343360.0,12125663.0,1.02,12959234.0,0.0,0.5,2115.0,21153.0,747036.0,0.41,833571.0,1.02,1.0,208.0,2080.0,73467.0,0.52,86535.0,1.43,2.5,34.0,340.0,12009.0,0.83,13068.0,1.95,5.0,3.0,30.0,1059.0,0.59,1059.0,2.78,10.0,0.0,0.0,0.0,0.0,0.0,3.37,2026-06-02T23:05:16.764734
150,2026-06-02,21:02:06,Location 1,60.0,0.1,True,True,True,True,False,24.7,36,0.3,36766.0,367639.0,12983073.0,1.09,13958762.0,0.0,0.5,2528.0,25278.0,892705.0,0.49,975689.0,1.09,1.0,217.0,2169.0,76628.0,0.54,82984.0,1.58,2.5,18.0,179.0,6356.0,0.44,6356.0,2.12,5.0,0.0,0.0,0.0,0.0,0.0,2.56,10.0,0.0,0.0,0.0,0.0,0.0,2.56,2026-06-02T23:05:17.128576
151,2026-06-02,21:33:14,Location 1,60.0,0.1,True,True,True,True,False,24.7,36,0.3,37709.0,377109.0,13317490.0,1.12,14283394.0,0.0,0.5,2512.0,25121.0,887149.0,0.49,965904.0,1.12,1.0,207.0,2070.0,73105.0,0.51,78755.0,1.61,2.5,15.0,150.0,5297.0,0.37,5650.0,2.12,5.0,1.0,10.0,353.0,0.2,353.0,2.49,10.0,0.0,0.0,0.0,0.0,0.0,2.69,2026-06-02T23:05:17.487514
152,2026-06-02,22:04:21,Location 1,60.0,0.1,True,True,True,True,False,24.6,37,0.3,39134.0,391415.0,13822721.0,1.16,14798652.0,0.0,0.5,2499.0,24994.0,882684.0,0.49,975931.0,1.16,1.0,236.0,2360.0,83358.0,0.58,93247.0,1.65,2.5,26.0,260.0,9183.0,0.63,9889.0,2.23,5.0,2.0,20.0,706.0,0.39,706.0,2.86,10.0,0.0,0.0,0.0,0.0,0.0,3.25,2026-06-02T23:05:17.848735
153,2026-06-02,22:35:29,Location 1,60.0,0.1,True,True,True,True,False,24.8,37,0.3,43600.0,436008.0,15397480.0,1.29,16533572.0,0.0,0.5,2926.0,29260.0,1033326.0,0.57,1136092.0,1.29,1.0,262.0,2620.0,92526.0,0.65,102766.0,1.86,2.5,26.0,260.0,9181.0,0.63,10240.0,2.51,5.0,3.0,30.0,1059.0,0.59,1059.0,3.14,10.0,0.0,0.0,0.0,0.0,0.0,3.73,2026-06-02T23:05:18.210457
154,2026-06-02,23:02:46,Location 1,60.0,0.1,True,True,True,True,False,24.9,38,0.3,45945.0,459506.0,16227318.0,1.36,17445822.0,0.0,0.5,3118.0,31183.0,1101246.0,0.61,1218504.0,1.36,1.0,300.0,3000.0,105957.0,0.74,117258.0,1.97,2.5,27.0,270.0,9536.0,0.66,11301.0,2.71,5.0,4.0,40.0,1412.0,0.78,1765.0,3.37,10.0,1.0,10.0,353.0,1.56,353.0,4.15,2026-06-02T23:05:18.572395
155,2026-06-02,23:04:21,Location 1,60.0,0.1,True,True,True,True,False,24.8,38,0.3,46640.0,466505.0,16474482.0,1.38,17675096.0,0.0,0.5,3068.0,30686.0,1083698.0,0.6,1200615.0,1.38,1.0,297.0,2970.0,104908.0,0.74,116917.0,1.98,2.5,31.0,310.0,10950.0,0.76,12009.0,2.72,5.0,2.0,20.0,706.0,0.39,1059.0,3.48,10.0,1.0,10.0,353.0,1.56,353.0,3.87,2026-06-02T23:05:18.931686
156,2026-06-02,23:12:27,Location 1,60.0,0.1,True,True,True,True,False,24.8,38,0.3,48302.0,483047.0,17058654.0,1.43,18359012.0,0.0,0.5,3346.0,33461.0,1181695.0,0.65,1300358.0,1.43,1.0,302.0,3020.0,106656.0,0.75,118663.0,2.08,2.5,32.0,320.0,11301.0,0.78,12007.0,2.83,5.0,2.0,20.0,706.0,0.39,706.0,3.61,10.0,0.0,0.0,0.0,0.0,0.0,4.0,2026-06-02T23:12:28.901300
157,2026-06-03,00:08:02,Location 1,60.0,0.1,True,True,True,True,False,25.0,37,0.3,49310.0,493124.0,17414532.0,1.46,18522760.0,0.0,0.5,2817.0,28171.0,994863.0,0.55,1108227.0,1.46,1.0,291.0,2910.0,102770.0,0.72,113364.0,2.01,2.5,27.0,270.0,9535.0,0.66,10594.0,2.73,5.0,3.0,30.0,1059.0,0.59,1059.0,3.39,10.0,0.0,0.0,0.0,0.0,0.0,3.98,2026-06-03T00:08:03.755129
158,2026-06-03,00:22:07,Location 1,60.0,0.1,True,True,True,True,False,24.9,37,0.3,47363.0,473667.0,16727395.0,1.4,17799630.0,0.0,0.5,2701.0,27012.0,953923.0,0.53,1072235.0,1.4,1.0,292.0,2920.0,103126.0,0.72,118312.0,1.93,2.5,41.0,410.0,14480.0,1.0,15186.0,2.65,5.0,2.0,20.0,706.0,0.39,706.0,3.65,10.0,0.0,0.0,0.0,0.0,0.0,4.04,2026-06-03T00:22:08.619206
159,2026-06-03,01:12:01,Location 1,60.0,0.1,True,True,True,True,False,25.0,36,0.3,40823.0,408218.0,14416086.0,1.21,15205697.0,0.0,0.5,1994.0,19939.0,704153.0,0.39,789611.0,1.21,1.0,215.0,2149.0,75924.0,0.53,85458.0,1.6,2.5,27.0,269.0,9534.0,0.66,9534.0,2.13,5.0,0.0,0.0,0.0,0.0,0.0,2.79,10.0,0.0,0.0,0.0,0.0,0.0,2.79,2026-06-03T01:12:02.488731
160,2026-06-03,01:43:09,Location 1,60.0,0.1,True,True,True,True,False,24.9,35,0.3,37089.0,370965.0,13100526.0,1.1,13762103.0,0.0,0.5,1711.0,17113.0,604357.0,0.33,661577.0,1.1,1.0,146.0,1460.0,51569.0,0.36,57220.0,1.43,2.5,15.0,150.0,5298.0,0.37,5651.0,1.79,5.0,1.0,10.0,353.0,0.2,353.0,2.16,10.0,0.0,0.0,0.0,0.0,0.0,2.36,2026-06-03T01:43:10.914772
161,2026-06-03,02:14:17,Location 1,60.0,0.1,True,True,True,True,False,25.0,34,0.3,34947.0,349502.0,12342578.0,1.03,12973354.0,0.0,0.5,1611.0,16111.0,568972.0,0.31,630776.0,1.03,1.0,150.0,1500.0,52976.0,0.37,61804.0,1.34,2.5,22.0,220.0,7769.0,0.54,8828.0,1.71,5.0,3.0,30.0,1059.0,0.59,1059.0,2.25,10.0,0.0,0.0,0.0,0.0,0.0,2.84,2026-06-03T02:44:21.861786
162,2026-06-03,02:44:19,Location 1,60.0,0.1,True,True,True,True,False,25.0,33,0.3,31244.0,312440.0,11033746.0,0.92,11570882.0,0.0,0.5,1365.0,13650.0,482046.0,0.27,537136.0,0.92,1.0,130.0,1300.0,45909.0,0.32,55090.0,1.19,2.5,24.0,240.0,8475.0,0.59,9181.0,1.51,5.0,2.0,20.0,706.0,0.39,706.0,2.1,10.0,0.0,0.0,0.0,0.0,0.0,2.49,2026-06-03T02:44:22.220996
163,2026-06-03,03:15:28,Location 1,60.0,0.1,True,True,True,True,False,25.0,33,0.3,33608.0,336053.0,11867633.0,0.99,12516311.0,0.0,0.5,1664.0,16638.0,587590.0,0.32,648678.0,0.99,1.0,148.0,1479.0,52261.0,0.37,61088.0,1.31,2.5,23.0,229.0,8121.0,0.56,8827.0,1.68,5.0,2.0,19.0,706.0,0.39,706.0,2.24,10.0,0.0,0.0,0.0,0.0,0.0,2.63,2026-06-03T03:15:30.727491
164,2026-06-03,03:46:37,Location 1,60.0,0.1,True,True,True,True,False,25.0,33,0.3,33454.0,334580.0,11815597.0,0.99,12437562.0,0.0,0.5,1555.0,15551.0,549209.0,0.3,621965.0,0.99,1.0,182.0,1820.0,64280.0,0.45,72756.0,1.29,2.5,22.0,220.0,7770.0,0.54,8476.0,1.74,5.0,2.0,20.0,706.0,0.39,706.0,2.28,10.0,0.0,0.0,0.0,0.0,0.0,2.67,2026-06-03T03:46:39.076461
165,2026-06-03,04:17:46,Location 1,60.0,0.1,True,True,True,True,False,25.0,33,0.3,34123.0,341317.0,12053528.0,1.01,12739867.0,0.0,0.5,1750.0,17504.0,618165.0,0.34,686339.0,1.01,1.0,163.0,1630.0,57577.0,0.4,68174.0,1.35,2.5,30.0,300.0,10597.0,0.73,10597.0,1.75,5.0,0.0,0.0,0.0,0.0,0.0,2.48,10.0,0.0,0.0,0.0,0.0,0.0,2.48,2026-06-03T04:17:47.309272
166,2026-06-03,04:48:54,Location 1,60.0,0.1,True,True,True,True,False,24.6,32,0.3,32002.0,319983.0,11300109.0,0.95,11927224.0,0.0,0.5,1603.0,16028.0,566029.0,0.31,627115.0,0.95,1.0,155.0,1549.0,54731.0,0.38,61086.0,1.26,2.5,18.0,179.0,6355.0,0.44,6355.0,1.64,5.0,0.0,0.0,0.0,0.0,0.0,2.08,10.0,0.0,0.0,0.0,0.0,0.0,2.08,2026-06-03T05:17:53.603467
167,2026-06-03,05:18:57,Location 1,60.0,0.1,True,True,True,True,False,24.3,33,0.3,32633.0,326313.0,11523652.0,0.97,12167758.0,0.0,0.5,1656.0,16559.0,584781.0,0.32,644106.0,0.97,1.0,148.0,1479.0,52263.0,0.37,59325.0,1.29,2.5,19.0,189.0,6709.0,0.46,7062.0,1.66,5.0,1.0,9.0,353.0,0.2,353.0,2.12,10.0,0.0,0.0,0.0,0.0,0.0,2.32,2026-06-03T05:49:01.960166
168,2026-06-03,05:49:00,Location 1,60.0,0.1,True,True,True,True,False,24.6,34,0.3,37074.0,370705.0,13091349.0,1.1,14018272.0,0.0,0.5,2280.0,22797.0,805099.0,0.44,926923.0,1.1,1.0,290.0,2899.0,102403.0,0.72,121824.0,1.54,2.5,53.0,529.0,18715.0,1.29,19421.0,2.26,5.0,2.0,19.0,706.0,0.39,706.0,3.55,10.0,0.0,0.0,0.0,0.0,0.0,3.94,2026-06-03T05:49:02.324031
169,2026-06-03,06:20:09,Location 1,60.0,0.1,True,True,True,True,False,24.9,34,0.3,46098.0,460887.0,16276099.0,1.36,17318732.0,0.0,0.5,2617.0,26164.0,924000.0,0.51,1042633.0,1.36,1.0,294.0,2939.0,103804.0,0.73,118633.0,1.87,2.5,41.0,409.0,14476.0,1.0,14829.0,2.6,5.0,1.0,9.0,353.0,0.19,353.0,3.6,10.0,0.0,0.0,0.0,0.0,0.0,3.79,2026-06-03T06:20:10.624571
170,2026-06-03,06:51:17,Location 1,60.0,0.1,True,True,True,True,False,24.8,35,0.3,40069.0,400747.0,14152271.0,1.19,15119677.0,0.0,0.5,2415.0,24153.0,852972.0,0.47,967406.0,1.19,1.0,268.0,2680.0,94656.0,0.66,114434.0,1.66,2.5,55.0,550.0,19425.0,1.34,19778.0,2.32,5.0,1.0,10.0,353.0,0.2,353.0,3.66,10.0,0.0,0.0,0.0,0.0,0.0,3.86,2026-06-03T06:51:19.105833
171,2026-06-03,07:22:26,Location 1,60.0,0.1,True,True,True,True,False,25.0,34,0.3,42214.0,422146.0,14907969.0,1.25,16109744.0,0.0,0.5,2996.0,29960.0,1058044.0,0.58,1201775.0,1.25,1.0,348.0,3480.0,122896.0,0.86,143731.0,1.83,2.5,57.0,570.0,20129.0,1.39,20835.0,2.69,5.0,2.0,20.0,706.0,0.39,706.0,4.08,10.0,0.0,0.0,0.0,0.0,0.0,4.47,2026-06-03T07:52:30.727089
172,2026-06-03,07:52:29,Location 1,60.0,0.1,True,True,True,True,False,24.9,34,0.3,31883.0,318874.0,11260934.0,0.94,12136150.0,0.0,0.5,2111.0,21112.0,745595.0,0.41,875216.0,0.94,1.0,321.0,3210.0,113375.0,0.8,129621.0,1.35,2.5,42.0,420.0,14834.0,1.02,16246.0,2.15,5.0,4.0,40.0,1412.0,0.78,1412.0,3.17,10.0,0.0,0.0,0.0,0.0,0.0,3.95,2026-06-03T07:52:31.087705
173,2026-06-03,08:23:38,Location 1,60.0,0.1,True,True,True,True,False,25.1,33,0.3,26805.0,268065.0,9466637.0,0.79,10114696.0,0.0,0.5,1534.0,15340.0,541757.0,0.3,648059.0,0.79,1.0,252.0,2520.0,88998.0,0.62,106302.0,1.09,2.5,45.0,450.0,15892.0,1.1,17304.0,1.71,5.0,3.0,30.0,1059.0,0.59,1412.0,2.81,10.0,1.0,10.0,353.0,1.56,353.0,3.4,2026-06-03T08:23:39.366596
174,2026-06-03,08:54:46,Location 1,60.0,0.1,True,True,True,True,False,25.1,32,0.3,24412.0,244106.0,8620530.0,0.72,9229319.0,0.0,0.5,1410.0,14099.0,497908.0,0.27,608789.0,0.72,1.0,246.0,2459.0,86869.0,0.61,110881.0,0.99,2.5,59.0,589.0,20834.0,1.44,24012.0,1.6,5.0,9.0,89.0,3178.0,1.76,3178.0,3.04,10.0,0.0,0.0,0.0,0.0,0.0,4.8,2026-06-03T08:54:52.862272
175,2026-06-03,09:25:59,Location 1,60.0,0.1,True,True,True,True,False,25.2,32,0.3,23848.0,238533.0,8423716.0,0.71,9079654.0,0.0,0.5,1564.0,15643.0,552444.0,0.31,655938.0,0.71,1.0,223.0,2230.0,78769.0,0.55,103494.0,1.02,2.5,65.0,650.0,22959.0,1.58,24725.0,1.57,5.0,5.0,50.0,1766.0,0.98,1766.0,3.15,10.0,0.0,0.0,0.0,0.0,0.0,4.13,2026-06-03T09:26:01.333146
176,2026-06-03,09:57:08,Location 1,60.0,0.1,True,True,True,True,False,25.2,30,0.3,22323.0,223244.0,7883806.0,0.66,8515271.0,0.0,0.5,1485.0,14850.0,524456.0,0.29,631465.0,0.66,1.0,236.0,2360.0,83348.0,0.58,107009.0,0.95,2.5,57.0,570.0,20130.0,1.39,23661.0,1.53,5.0,9.0,90.0,3178.0,1.76,3531.0,2.92,10.0,1.0,10.0,353.0,1.56,353.0,4.68,2026-06-03T09:57:09.816365
177,2026-06-03,10:28:16,Location 1,60.0,0.1,True,True,True,True,False,25.2,27,0.3,20314.0,203131.0,7173537.0,0.6,7745963.0,0.0,0.5,1359.0,13589.0,479907.0,0.27,572426.0,0.6,1.0,205.0,2049.0,72392.0,0.51,92519.0,0.87,2.5,45.0,449.0,15890.0,1.1,20127.0,1.38,5.0,11.0,109.0,3884.0,2.15,4237.0,2.48,10.0,1.0,9.0,353.0,1.56,353.0,4.63,2026-06-03T10:28:18.364328
178,2026-06-03,10:59:26,Location 1,60.0,0.1,True,True,True,True,False,25.2,27,0.3,19306.0,193040.0,6817168.0,0.57,7258909.0,0.0,0.5,979.0,9789.0,345696.0,0.19,441741.0,0.57,1.0,207.0,2069.0,73094.0,0.51,96045.0,0.76,2.5,52.0,519.0,18361.0,1.27,22951.0,1.27,5.0,13.0,129.0,4590.0,2.53,4590.0,2.54,10.0,0.0,0.0,0.0,0.0,0.0,5.07,2026-06-03T10:59:27.070785
179,2026-06-03,11:30:34,Location 1,60.0,0.1,True,True,True,True,False,25.1,27,0.3,19118.0,191210.0,6752540.0,0.57,7127286.0,0.0,0.5,839.0,8391.0,296337.0,0.16,374746.0,0.57,1.0,177.0,1770.0,62516.0,0.44,78409.0,0.73,2.5,41.0,410.0,14481.0,1.0,15893.0,1.17,5.0,4.0,40.0,1412.0,0.78,1412.0,2.17,10.0,0.0,0.0,0.0,0.0,0.0,2.95,2026-06-03T12:19:59.130905
180,2026-06-03,12:19:57,Location 1,60.0,0.1,True,True,True,True,False,24.5,29,0.3,21453.0,214528.0,7575992.0,0.63,7990935.0,0.0,0.5,887.0,8869.0,313238.0,0.17,414943.0,0.63,1.0,210.0,2099.0,74160.0,0.52,101705.0,0.8,2.5,71.0,709.0,25073.0,1.73,27545.0,1.32,5.0,7.0,69.0,2472.0,1.37,2472.0,3.05,10.0,0.0,0.0,0.0,0.0,0.0,4.42,2026-06-03T12:19:59.493587
181,2026-06-03,12:51:06,Location 1,60.0,0.1,True,True,True,True,False,25.1,28,0.3,21988.0,219896.0,7765558.0,0.65,8187598.0,0.0,0.5,911.0,9110.0,321740.0,0.18,422040.0,0.65,1.0,203.0,2030.0,71694.0,0.5,100300.0,0.83,2.5,74.0,740.0,26134.0,1.8,28606.0,1.33,5.0,7.0,70.0,2472.0,1.37,2472.0,3.13,10.0,0.0,0.0,0.0,0.0,0.0,4.5,2026-06-03T12:51:07.094674
182,2026-06-03,13:22:13,Location 1,60.0,0.1,True,True,True,True,False,24.9,28,0.3,24757.0,247551.0,8742184.0,0.73,9157097.0,0.0,0.5,870.0,8699.0,307214.0,0.17,414913.0,0.73,1.0,224.0,2239.0,79098.0,0.55,107699.0,0.9,2.5,73.0,729.0,25777.0,1.78,28601.0,1.45,5.0,6.0,59.0,2118.0,1.17,2824.0,3.23,10.0,2.0,19.0,706.0,3.12,706.0,4.4,2026-06-03T13:59:09.366485
183,2026-06-03,13:59:07,Location 1,60.0,0.1,True,True,True,True,False,25.2,28,0.3,26973.0,269717.0,9524979.0,0.8,10170499.0,0.0,0.5,1345.0,13449.0,474960.0,0.26,645520.0,0.8,1.0,365.0,3649.0,128892.0,0.9,170560.0,1.06,2.5,106.0,1059.0,37431.0,2.58,41668.0,1.96,5.0,12.0,119.0,4237.0,2.34,4237.0,4.54,10.0,0.0,0.0,0.0,0.0,0.0,6.88,2026-06-03T13:59:09.724605
184,2026-06-03,14:01:40,Location 1,60.0,0.1,True,True,True,True,False,25.1,28,0.3,26681.0,266836.0,9423248.0,0.79,10093232.0,0.0,0.5,1395.0,13951.0,492688.0,0.27,669984.0,0.79,1.0,387.0,3870.0,136681.0,0.96,177296.0,1.06,2.5,103.0,1030.0,36377.0,2.51,40615.0,2.02,5.0,12.0,120.0,4238.0,2.34,4238.0,4.53,10.0,0.0,0.0,0.0,0.0,0.0,6.87,2026-06-03T14:01:42.287585
185,2026-06-03,14:18:05,Location 1,60.0,0.1,True,True,True,True,False,23.9,31,0.3,30230.0,302277.0,10674842.0,0.89,11453118.0,0.0,0.5,1537.0,15368.0,542746.0,0.3,778276.0,0.89,1.0,432.0,4319.0,152548.0,1.07,235530.0,1.19,2.5,169.0,1689.0,59677.0,4.12,82982.0,2.26,5.0,58.0,579.0,20481.0,11.31,23305.0,6.38,10.0,8.0,79.0,2824.0,12.48,2824.0,17.690001,2026-06-03T14:41:57.760309
186,2026-06-03,14:20:54,Location 1,60.0,0.1,True,True,True,True,False,23.6,31,0.3,32429.0,324254.0,11450923.0,0.96,12334748.0,0.0,0.5,1765.0,17648.0,623234.0,0.34,883825.0,0.96,1.0,494.0,4939.0,174435.0,1.22,260591.0,1.3,2.5,181.0,1809.0,63912.0,4.41,86156.0,2.52,5.0,55.0,549.0,19420.0,10.73,22244.0,6.93,10.0,8.0,79.0,2824.0,12.48,2824.0,17.66,2026-06-03T14:41:58.119657
187,2026-06-03,14:24:21,Location 1,60.0,0.1,True,True,True,True,False,23.2,32,0.3,32768.0,327698.0,11572576.0,0.97,12678340.0,0.0,0.5,1985.0,19851.0,701036.0,0.39,1105764.0,0.97,1.0,721.0,7210.0,254633.0,1.79,404728.0,1.36,2.5,306.0,3060.0,108069.0,7.46,150095.0,3.15,5.0,104.0,1040.0,36729.0,20.280001,42026.0,10.610001,10.0,15.0,150.0,5297.0,23.4,5297.0,30.890001,2026-06-03T14:41:58.488409
188,2026-06-03,14:28:59,Location 1,60.0,0.1,True,True,True,True,False,22.9,33,0.3,32673.0,326713.0,11537791.0,0.97,13522022.0,0.0,0.5,2632.0,26318.0,929436.0,0.51,1984231.0,0.97,1.0,1493.0,14929.0,527221.0,3.7,1054795.0,1.48,2.5,1046.0,10459.0,369373.0,25.5,527574.0,5.18,5.0,385.0,3849.0,135954.0,75.080002,158201.0,30.68,10.0,63.0,629.0,22247.0,98.290001,22247.0,105.760002,2026-06-03T14:41:58.844593
189,2026-06-03,14:30:07,Location 1,60.0,0.1,True,True,True,True,False,23.6,33,0.3,33520.0,335235.0,11838739.0,0.99,13384976.0,0.0,0.5,2338.0,23382.0,825744.0,0.46,1546237.0,0.99,1.0,1095.0,10951.0,386736.0,2.71,720493.0,1.45,2.5,623.0,6230.0,220033.0,15.19,333757.0,4.16,5.0,264.0,2640.0,93240.0,51.48,113724.0,19.349998,10.0,58.0,580.0,20484.0,90.489998,20484.0,70.830002,2026-06-03T14:41:59.221270
190,2026-06-03,14:41:56,Location 1,60.0,0.1,True,True,True,True,False,24.5,30,0.3,636.0,6359.0,224592.0,0.02,245426.0,0.0,0.5,39.0,389.0,13772.0,0.01,20834.0,0.02,1.0,9.0,89.0,3178.0,0.02,7062.0,0.03,2.5,8.0,79.0,2825.0,0.2,3884.0,0.05,5.0,3.0,29.0,1059.0,0.59,1059.0,0.25,10.0,0.0,0.0,0.0,0.0,0.0,0.84,2026-06-03T14:41:59.577269
191,2026-06-03,14:59:31,Location 1,60.0,0.1,True,True,True,True,False,24.3,30,0.3,507.0,5070.0,179045.0,0.01,191757.0,0.0,0.5,30.0,300.0,10594.0,0.01,12712.0,0.01,1.0,5.0,50.0,1765.0,0.01,2118.0,0.02,2.5,1.0,10.0,353.0,0.02,353.0,0.03,5.0,0.0,0.0,0.0,0.0,0.0,0.05,10.0,0.0,0.0,0.0,0.0,0.0,0.05,2026-06-03T14:59:32.565791
1,2026-06-03,15:01:45,Location 1,60.0,0.1,True,True,True,True,False,24.4,29,0.3,496.0,4960.0,175176.0,0.01,187183.0,0.0,0.5,25.0,250.0,8829.0,0.0,12007.0,0.01,1.0,8.0,80.0,2825.0,0.02,3178.0,0.01,2.5,1.0,10.0,353.0,0.02,353.0,0.03,5.0,0.0,0.0,0.0,0.0,0.0,0.05,10.0,0.0,0.0,0.0,0.0,0.0,0.05,2026-06-03T15:01:51.645953
1,2026-06-03,15:04:04,Location 1,60.0,0.1,True,True,True,True,False,24.4,29,0.3,361.0,3610.0,127501.0,0.01,135624.0,0.0,0.5,23.0,230.0,8123.0,0.0,8123.0,0.01,1.0,0.0,0.0,0.0,0.0,0.0,0.01,2.5,0.0,0.0,0.0,0.0,0.0,0.01,5.0,0.0,0.0,0.0,0.0,0.0,0.01,10.0,0.0,0.0,0.0,0.0,0.0,0.01,2026-06-03T15:04:10.827620
1,2026-06-03,15:06:24,Location 1,60.0,0.1,True,True,True,True,False,24.4,29,0.3,364.0,3640.0,128546.0,0.01,137373.0,0.0,0.5,19.0,190.0,6709.0,0.0,8827.0,0.01,1.0,6.0,60.0,2118.0,0.01,2118.0,0.01,2.5,0.0,0.0,0.0,0.0,0.0,0.02,5.0,0.0,0.0,0.0,0.0,0.0,0.02,10.0,0.0,0.0,0.0,0.0,0.0,0.02,2026-06-03T15:06:30.638690
1,2026-06-03,15:08:43,Location 1,60.0,0.1,True,True,True,True,False,24.4,29,0.3,551.0,5511.0,194632.0,0.02,204521.0,0.0,0.5,21.0,210.0,7417.0,0.0,9889.0,0.02,1.0,6.0,60.0,2119.0,0.01,2472.0,0.02,2.5,1.0,10.0,353.0,0.02,353.0,0.03,5.0,0.0,0.0,0.0,0.0,0.0,0.05,10.0,0.0,0.0,0.0,0.0,0.0,0.05,2026-06-03T15:08:49.952901
1,2026-06-03,15:11:03,Location 1,60.0,0.1,True,True,True,True,False,24.4,29,0.3,408.0,4079.0,144069.0,0.01,155014.0,0.0,0.5,26.0,259.0,9180.0,0.01,10945.0,0.01,1.0,3.0,29.0,1059.0,0.01,1765.0,0.02,2.5,1.0,9.0,353.0,0.02,706.0,0.03,5.0,1.0,9.0,353.0,0.19,353.0,0.05,10.0,0.0,0.0,0.0,0.0,0.0,0.24,2026-06-03T15:11:09.717954
1,2026-06-03,15:13:22,Location 1,60.0,0.1,True,True,True,True,False,24.4,29,0.3,440.0,4400.0,155401.0,0.01,165995.0,0.0,0.5,21.0,210.0,7416.0,0.0,10594.0,0.01,1.0,8.0,80.0,2825.0,0.02,3178.0,0.01,2.5,1.0,10.0,353.0,0.02,353.0,0.03,5.0,0.0,0.0,0.0,0.0,0.0,0.05,10.0,0.0,0.0,0.0,0.0,0.0,0.05,2026-06-03T15:13:28.988753
1,2026-06-03,15:15:43,Location 1,60.0,0.1,True,True,True,True,False,24.4,29,0.3,371.0,3709.0,131016.0,0.01,136666.0,0.0,0.5,14.0,139.0,4944.0,0.0,5650.0,0.01,1.0,2.0,19.0,706.0,0.0,706.0,0.01,2.5,0.0,0.0,0.0,0.0,0.0,0.01,5.0,0.0,0.0,0.0,0.0,0.0,0.01,10.0,0.0,0.0,0.0,0.0,0.0,0.01,2026-06-03T15:15:49.703264
1,2026-06-03,15:18:01,Location 1,60.0,0.1,True,True,True,True,False,24.2,29,0.3,435.0,4349.0,153613.0,0.01,160674.0,0.0,0.5,13.0,129.0,4590.0,0.0,7061.0,0.01,1.0,4.0,39.0,1412.0,0.01,2471.0,0.01,2.5,2.0,19.0,706.0,0.05,1059.0,0.02,5.0,1.0,9.0,353.0,0.2,353.0,0.07,10.0,0.0,0.0,0.0,0.0,0.0,0.27,2026-06-03T15:18:08.048565
1,2026-06-03,15:20:20,Location 1,60.0,0.1,True,True,True,True,False,24.2,30,0.3,442.0,4420.0,156117.0,0.01,165299.0,0.0,0.5,23.0,230.0,8123.0,0.0,9182.0,0.01,1.0,2.0,20.0,706.0,0.0,1059.0,0.01,2.5,1.0,10.0,353.0,0.02,353.0,0.01,5.0,0.0,0.0,0.0,0.0,0.0,0.03,10.0,0.0,0.0,0.0,0.0,0.0,0.03,2026-06-03T15:20:26.902115
1,2026-06-03,15:22:09,Location 1,60.0,0.1,True,True,True,True,False,24.3,29,0.3,348.0,3480.0,122914.0,0.01,131390.0,0.0,0.5,20.0,200.0,7064.0,0.0,8476.0,0.01,1.0,1.0,10.0,353.0,0.0,1412.0,0.01,2.5,2.0,20.0,706.0,0.05,1059.0,0.01,5.0,1.0,10.0,353.0,0.2,353.0,0.06,10.0,0.0,0.0,0.0,0.0,0.0,0.26,2026-06-03T15:22:16.177541
1,2026-06-03,15:24:29,Location 1,60.0,0.1,True,True,True,True,False,24.3,29,0.3,336.0,3360.0,118665.0,0.01,125374.0,0.0,0.5,16.0,160.0,5650.0,0.0,6709.0,0.01,1.0,3.0,30.0,1059.0,0.01,1059.0,0.01,2.5,0.0,0.0,0.0,0.0,0.0,0.02,5.0,0.0,0.0,0.0,0.0,0.0,0.02,10.0,0.0,0.0,0.0,0.0,0.0,0.02,2026-06-03T15:24:35.547497
1,2026-06-03,15:26:48,Location 1,60.0,0.1,True,True,True,True,False,24.3,30,0.3,449.0,4490.0,158563.0,0.01,164919.0,0.0,0.5,15.0,150.0,5297.0,0.0,6356.0,0.01,1.0,3.0,30.0,1059.0,0.01,1059.0,0.01,2.5,0.0,0.0,0.0,0.0,0.0,0.02,5.0,0.0,0.0,0.0,0.0,0.0,0.02,10.0,0.0,0.0,0.0,0.0,0.0,0.02,2026-06-03T15:26:54.598914
1,2026-06-03,15:29:07,Location 1,60.0,0.1,True,True,True,True,False,24.3,30,0.3,437.0,4370.0,154327.0,0.01,161389.0,0.0,0.5,18.0,180.0,6356.0,0.0,7062.0,0.01,1.0,2.0,20.0,706.0,0.0,706.0,0.01,2.5,0.0,0.0,0.0,0.0,0.0,0.01,5.0,0.0,0.0,0.0,0.0,0.0,0.01,10.0,0.0,0.0,0.0,0.0,0.0,0.01,2026-06-03T15:29:13.811065
1,2026-06-03,15:31:27,Location 1,60.0,0.1,True,True,True,True,False,24.3,30,0.3,338.0,3379.0,119350.0,0.01,125352.0,0.0,0.5,15.0,149.0,5296.0,0.0,6002.0,0.01,1.0,1.0,9.0,353.0,0.0,706.0,0.01,2.5,1.0,9.0,353.0,0.02,353.0,0.01,5.0,0.0,0.0,0.0,0.0,0.0,0.03,10.0,0.0,0.0,0.0,0.0,0.0,0.03,2026-06-03T15:31:33.503268
1,2026-06-03,15:33:46,Location 1,60.0,0.1,True,True,True,True,False,24.2,30,0.3,402.0,4019.0,141954.0,0.01,152900.0,0.0,0.5,27.0,269.0,9534.0,0.01,10946.0,0.01,1.0,1.0,9.0,353.0,0.0,1412.0,0.02,2.5,3.0,29.0,1059.0,0.07,1059.0,0.02,5.0,0.0,0.0,0.0,0.0,0.0,0.09,10.0,0.0,0.0,0.0,0.0,0.0,0.09,2026-06-03T15:33:52.714179
1,2026-06-03,15:36:05,Location 1,60.0,0.1,True,True,True,True,False,24.3,30,0.3,438.0,4380.0,154680.0,0.01,161036.0,0.0,0.5,16.0,160.0,5650.0,0.0,6356.0,0.01,1.0,2.0,20.0,706.0,0.0,706.0,0.01,2.5,0.0,0.0,0.0,0.0,0.0,0.01,5.0,0.0,0.0,0.0,0.0,0.0,0.01,10.0,0.0,0.0,0.0,0.0,0.0,0.01,2026-06-03T15:36:11.836909
1,2026-06-03,15:38:25,Location 1,60.0,0.1,True,True,True,True,False,24.3,30,0.3,323.0,3230.0,114078.0,0.01,120788.0,0.0,0.5,17.0,170.0,6004.0,0.0,6710.0,0.01,1.0,2.0,20.0,706.0,0.0,706.0,0.01,2.5,0.0,0.0,0.0,0.0,0.0,0.01,5.0,0.0,0.0,0.0,0.0,0.0,0.01,10.0,0.0,0.0,0.0,0.0,0.0,0.01,2026-06-03T15:38:31.640536
1,2026-06-03,15:40:44,Location 1,60.0,0.1,True,True,True,True,False,24.3,30,0.3,388.0,3880.0,137023.0,0.01,144438.0,0.0,0.5,17.0,170.0,6003.0,0.0,7415.0,0.01,1.0,3.0,30.0,1059.0,0.01,1412.0,0.01,2.5,0.0,0.0,0.0,0.0,353.0,0.02,5.0,1.0,10.0,353.0,0.2,353.0,0.02,10.0,0.0,0.0,0.0,0.0,0.0,0.22,2026-06-03T15:40:50.722148
1,2026-06-03,15:43:03,Location 1,60.0,0.1,True,True,True,True,False,24.3,30,0.3,394.0,3940.0,139152.0,0.01,146568.0,0.0,0.5,18.0,180.0,6357.0,0.0,7416.0,0.01,1.0,2.0,20.0,706.0,0.0,1059.0,0.01,2.5,1.0,10.0,353.0,0.02,353.0,0.01,5.0,0.0,0.0,0.0,0.0,0.0,0.03,10.0,0.0,0.0,0.0,0.0,0.0,0.03,2026-06-03T15:43:09.775988
1,2026-06-03,15:45:23,Location 1,60.0,0.1,True,True,True,True,False,24.3,30,0.3,366.0,3660.0,129274.0,0.01,134925.0,0.0,0.5,15.0,150.0,5298.0,0.0,5651.0,0.01,1.0,1.0,10.0,353.0,0.0,353.0,0.01,2.5,0.0,0.0,0.0,0.0,0.0,0.01,5.0,0.0,0.0,0.0,0.0,0.0,0.01,10.0,0.0,0.0,0.0,0.0,0.0,0.01,2026-06-03T15:45:29.470502
1,2026-06-03,15:47:42,Location 1,60.0,0.1,True,True,True,True,False,24.3,30,0.3,380.0,3800.0,134204.0,0.01,143385.0,0.0,0.5,20.0,200.0,7063.0,0.0,9181.0,0.01,1.0,3.0,30.0,1059.0,0.01,2118.0,0.01,2.5,2.0,20.0,706.0,0.05,1059.0,0.02,5.0,1.0,10.0,353.0,0.2,353.0,0.07,10.0,0.0,0.0,0.0,0.0,0.0,0.27,2026-06-03T15:47:48.710567
1,2026-06-03,15:50:01,Location 1,60.0,0.1,True,True,True,True,False,24.3,30,0.3,341.0,3410.0,120434.0,0.01,126437.0,0.0,0.5,16.0,160.0,5650.0,0.0,6003.0,0.01,1.0,1.0,10.0,353.0,0.0,353.0,0.01,2.5,0.0,0.0,0.0,0.0,0.0,0.01,5.0,0.0,0.0,0.0,0.0,0.0,0.01,10.0,0.0,0.0,0.0,0.0,0.0,0.01,2026-06-03T15:50:07.874213
1,2026-06-03,15:52:21,Location 1,60.0,0.1,True,True,True,True,False,24.3,30,0.3,377.0,3770.0,133148.0,0.01,139152.0,0.0,0.5,17.0,170.0,6004.0,0.0,6004.0,0.01,1.0,0.0,0.0,0.0,0.0,0.0,0.01,2.5,0.0,0.0,0.0,0.0,0.0,0.01,5.0,0.0,0.0,0.0,0.0,0.0,0.01,10.0,0.0,0.0,0.0,0.0,0.0,0.01,2026-06-03T15:52:27.521341
1,2026-06-03,15:54:40,Location 1,60.0,0.1,True,True,True,True,False,24.3,30,0.3,338.0,3380.0,119365.0,0.01,121837.0,0.0,0.5,7.0,70.0,2472.0,0.0,2472.0,0.01,1.0,0.0,0.0,0.0,0.0,0.0,0.01,2.5,0.0,0.0,0.0,0.0,0.0,0.01,5.0,0.0,0.0,0.0,0.0,0.0,0.01,10.0,0.0,0.0,0.0,0.0,0.0,0.01,2026-06-03T15:54:46.695517
1,2026-06-03,15:56:59,Location 1,60.0,0.1,True,True,True,True,False,24.3,30,0.3,296.0,2960.0,104534.0,0.01,109478.0,0.0,0.5,14.0,140.0,4944.0,0.0,4944.0,0.01,1.0,0.0,0.0,0.0,0.0,0.0,0.01,2.5,0.0,0.0,0.0,0.0,0.0,0.01,5.0,0.0,0.0,0.0,0.0,0.0,0.01,10.0,0.0,0.0,0.0,0.0,0.0,0.01,2026-06-03T15:57:05.697254
1,2026-06-03,15:59:18,Location 1,60.0,0.1,True,True,True,True,False,24.3,30,0.3,302.0,3020.0,106653.0,0.01,111243.0,0.0,0.5,12.0,120.0,4237.0,0.0,4590.0,0.01,1.0,1.0,10.0,353.0,0.0,353.0,0.01,2.5,0.0,0.0,0.0,0.0,0.0,0.01,5.0,0.0,0.0,0.0,0.0,0.0,0.01,10.0,0.0,0.0,0.0,0.0,0.0,0.01,2026-06-03T15:59:24.745465
1,2026-06-03,16:01:37,Location 1,60.0,0.1,True,True,True,True,False,24.2,30,0.3,280.0,2800.0,98888.0,0.01,101360.0,0.0,0.5,6.0,60.0,2119.0,0.0,2472.0,0.01,1.0,1.0,10.0,353.0,0.0,353.0,0.01,2.5,0.0,0.0,0.0,0.0,0.0,0.01,5.0,0.0,0.0,0.0,0.0,0.0,0.01,10.0,0.0,0.0,0.0,0.0,0.0,0.01,2026-06-03T16:01:38.743887
1,2026-06-03,16:03:51,Location 1,60.0,0.1,True,True,True,True,False,24.3,30,0.3,301.0,3010.0,106305.0,0.01,111602.0,0.0,0.5,15.0,150.0,5297.0,0.0,5297.0,0.01,1.0,0.0,0.0,0.0,0.0,0.0,0.01,2.5,0.0,0.0,0.0,0.0,0.0,0.01,5.0,0.0,0.0,0.0,0.0,0.0,0.01,10.0,0.0,0.0,0.0,0.0,0.0,0.01,2026-06-03T16:03:57.799524
1,2026-06-03,16:06:11,Location 1,60.0,0.1,True,True,True,True,False,24.3,30,0.3,243.0,2430.0,85814.0,0.01,88992.0,0.0,0.5,9.0,90.0,3178.0,0.0,3178.0,0.01,1.0,0.0,0.0,0.0,0.0,0.0,0.01,2.5,0.0,0.0,0.0,0.0,0.0,0.01,5.0,0.0,0.0,0.0,0.0,0.0,0.01,10.0,0.0,0.0,0.0,0.0,0.0,0.01,2026-06-03T16:06:17.587557
1,2026-06-03,16:08:30,Location 1,60.0,0.1,True,True,True,True,False,24.2,30,0.3,235.0,2349.0,82986.0,0.01,84398.0,0.0,0.5,3.0,29.0,1059.0,0.0,1412.0,0.01,1.0,1.0,9.0,353.0,0.0,353.0,0.01,2.5,0.0,0.0,0.0,0.0,0.0,0.01,5.0,0.0,0.0,0.0,0.0,0.0,0.01,10.0,0.0,0.0,0.0,0.0,0.0,0.01,2026-06-03T16:08:36.734420
1,2026-06-03,16:10:49,Location 1,60.0,0.1,True,True,True,True,False,24.2,30,0.3,483.0,4830.0,170593.0,0.01,178009.0,0.0,0.5,17.0,170.0,6004.0,0.0,7416.0,0.01,1.0,3.0,30.0,1059.0,0.01,1412.0,0.01,2.5,1.0,10.0,353.0,0.02,353.0,0.02,5.0,0.0,0.0,0.0,0.0,0.0,0.04,10.0,0.0,0.0,0.0,0.0,0.0,0.04,2026-06-03T16:10:55.888395
1,2026-06-03,16:13:09,Location 1,60.0,0.1,True,True,True,True,False,24.3,30,0.3,278.0,2779.0,98164.0,0.01,104519.0,0.0,0.5,18.0,179.0,6355.0,0.0,6355.0,0.01,1.0,0.0,0.0,0.0,0.0,0.0,0.01,2.5,0.0,0.0,0.0,0.0,0.0,0.01,5.0,0.0,0.0,0.0,0.0,0.0,0.01,10.0,0.0,0.0,0.0,0.0,0.0,0.01,2026-06-03T16:13:15.843448
1,2026-06-03,16:15:29,Location 1,60.0,0.1,True,True,True,True,False,24.3,30,0.3,273.0,2730.0,96417.0,0.01,99948.0,0.0,0.5,10.0,100.0,3531.0,0.0,3531.0,0.01,1.0,0.0,0.0,0.0,0.0,0.0,0.01,2.5,0.0,0.0,0.0,0.0,0.0,0.01,5.0,0.0,0.0,0.0,0.0,0.0,0.01,10.0,0.0,0.0,0.0,0.0,0.0,0.01,2026-06-03T16:15:35.594593
1,2026-06-03,16:17:48,Location 1,60.0,0.1,True,True,True,True,False,24.2,30,0.3,293.0,2930.0,103480.0,0.01,107364.0,0.0,0.5,10.0,100.0,3531.0,0.0,3884.0,0.01,1.0,1.0,10.0,353.0,0.0,353.0,0.01,2.5,0.0,0.0,0.0,0.0,0.0,0.01,5.0,0.0,0.0,0.0,0.0,0.0,0.01,10.0,0.0,0.0,0.0,0.0,0.0,0.01,2026-06-03T16:17:54.777219
1,2026-06-03,16:20:08,Location 1,60.0,0.1,True,True,True,True,False,24.3,30,0.3,368.0,3680.0,129965.0,0.01,137027.0,0.0,0.5,17.0,170.0,6003.0,0.0,7062.0,0.01,1.0,3.0,30.0,1059.0,0.01,1059.0,0.01,2.5,0.0,0.0,0.0,0.0,0.0,0.02,5.0,0.0,0.0,0.0,0.0,0.0,0.02,10.0,0.0,0.0,0.0,0.0,0.0,0.02,2026-06-03T16:20:14.691330
1,2026-06-03,16:22:27,Location 1,60.0,0.1,True,True,True,True,False,24.3,30,0.3,322.0,3220.0,113727.0,0.01,117965.0,0.0,0.5,12.0,120.0,4238.0,0.0,4238.0,0.01,1.0,0.0,0.0,0.0,0.0,0.0,0.01,2.5,0.0,0.0,0.0,0.0,0.0,0.01,5.0,0.0,0.0,0.0,0.0,0.0,0.01,10.0,0.0,0.0,0.0,0.0,0.0,0.01,2026-06-03T16:22:33.765736
1,2026-06-03,16:24:47,Location 1,60.0,0.1,True,True,True,True,False,24.2,30,0.3,343.0,3430.0,121129.0,0.01,125366.0,0.0,0.5,8.0,80.0,2825.0,0.0,4237.0,0.01,1.0,3.0,30.0,1059.0,0.01,1412.0,0.01,2.5,1.0,10.0,353.0,0.02,353.0,0.02,5.0,0.0,0.0,0.0,0.0,0.0,0.04,10.0,0.0,0.0,0.0,0.0,0.0,0.04,2026-06-03T16:24:53.487319
1,2026-06-03,16:27:06,Location 1,60.0,0.1,True,True,True,True,False,24.3,30,0.3,320.0,3200.0,113015.0,0.01,115840.0,0.0,0.5,8.0,80.0,2825.0,0.0,2825.0,0.01,1.0,0.0,0.0,0.0,0.0,0.0,0.01,2.5,0.0,0.0,0.0,0.0,0.0,0.01,5.0,0.0,0.0,0.0,0.0,0.0,0.01,10.0,0.0,0.0,0.0,0.0,0.0,0.01,2026-06-03T16:27:07.572541
1,2026-06-03,16:29:20,Location 1,60.0,0.1,True,True,True,True,False,24.3,30,0.3,419.0,4190.0,147989.0,0.01,157171.0,0.0,0.5,23.0,230.0,8123.0,0.0,9182.0,0.01,1.0,3.0,30.0,1059.0,0.01,1059.0,0.01,2.5,0.0,0.0,0.0,0.0,0.0,0.02,5.0,0.0,0.0,0.0,0.0,0.0,0.02,10.0,0.0,0.0,0.0,0.0,0.0,0.02,2026-06-03T16:29:26.671084
1,2026-06-03,16:31:39,Location 1,60.0,0.1,True,True,True,True,False,24.3,30,0.3,577.0,5769.0,203757.0,0.02,226355.0,0.0,0.5,43.0,429.0,15184.0,0.01,22598.0,0.02,1.0,8.0,79.0,2825.0,0.02,7414.0,0.03,2.5,5.0,49.0,1765.0,0.12,4589.0,0.05,5.0,6.0,59.0,2118.0,1.17,2824.0,0.17,10.0,2.0,19.0,706.0,3.12,706.0,1.34,2026-06-03T16:31:45.998164
1,2026-06-03,16:33:59,Location 1,60.0,0.1,True,True,True,True,False,24.3,30,0.3,417.0,4170.0,147280.0,0.01,158227.0,0.0,0.5,22.0,220.0,7770.0,0.0,10947.0,0.01,1.0,4.0,40.0,1412.0,0.01,3177.0,0.01,2.5,2.0,20.0,706.0,0.05,1765.0,0.02,5.0,3.0,30.0,1059.0,0.59,1059.0,0.07,10.0,0.0,0.0,0.0,0.0,0.0,0.66,2026-06-03T16:34:05.684352
1,2026-06-03,16:36:18,Location 1,60.0,0.1,True,True,True,True,False,24.4,30,0.3,447.0,4470.0,157859.0,0.01,168452.0,0.0,0.5,22.0,220.0,7769.0,0.0,10593.0,0.01,1.0,4.0,40.0,1412.0,0.01,2824.0,0.01,2.5,3.0,30.0,1059.0,0.07,1412.0,0.02,5.0,0.0,0.0,0.0,0.0,353.0,0.09,10.0,1.0,10.0,353.0,1.56,353.0,0.09,2026-06-03T16:36:24.748879
1,2026-06-03,16:38:19,Location 1,60.0,0.1,True,True,True,True,False,24.2,30,0.3,427.0,4270.0,150798.0,0.01,169867.0,0.0,0.5,33.0,330.0,11654.0,0.01,19069.0,0.01,1.0,10.0,100.0,3531.0,0.02,7415.0,0.02,2.5,7.0,70.0,2472.0,0.17,3884.0,0.04,5.0,4.0,40.0,1412.0,0.78,1412.0,0.21,10.0,0.0,0.0,0.0,0.0,0.0,0.99,2026-06-03T16:38:23.506620
1,2026-06-03,16:40:36,Location 1,60.0,0.1,True,True,True,True,False,24.1,30,0.3,469.0,4690.0,165646.0,0.01,180124.0,0.0,0.5,30.0,300.0,10595.0,0.01,14478.0,0.01,1.0,5.0,50.0,1765.0,0.01,3883.0,0.02,2.5,5.0,50.0,1765.0,0.12,2118.0,0.03,5.0,1.0,10.0,353.0,0.2,353.0,0.15,10.0,0.0,0.0,0.0,0.0,0.0,0.35,2026-06-03T16:40:42.669890
1,2026-06-03,16:42:55,Location 1,60.0,0.1,True,True,True,True,False,24.1,30,0.3,431.0,4310.0,152228.0,0.01,160703.0,0.0,0.5,20.0,200.0,7063.0,0.0,8475.0,0.01,1.0,1.0,10.0,353.0,0.0,1412.0,0.01,2.5,3.0,30.0,1059.0,0.07,1059.0,0.01,5.0,0.0,0.0,0.0,0.0,0.0,0.08,10.0,0.0,0.0,0.0,0.0,0.0,0.08,2026-06-03T16:43:01.694544
1,2026-06-03,16:45:14,Location 1,60.0,0.1,True,True,True,True,False,24.0,30,0.3,437.0,4370.0,154331.0,0.01,164925.0,0.0,0.5,25.0,250.0,8829.0,0.0,10594.0,0.01,1.0,3.0,30.0,1059.0,0.01,1765.0,0.01,2.5,1.0,10.0,353.0,0.02,706.0,0.02,5.0,1.0,10.0,353.0,0.2,353.0,0.04,10.0,0.0,0.0,0.0,0.0,0.0,0.24,2026-06-03T16:45:20.734808
1,2026-06-03,16:47:34,Location 1,60.0,0.1,True,True,True,True,False,24.1,30,0.3,371.0,3710.0,131028.0,0.01,140210.0,0.0,0.5,23.0,230.0,8123.0,0.0,9182.0,0.01,1.0,0.0,0.0,0.0,0.0,1059.0,0.01,2.5,1.0,10.0,353.0,0.02,1059.0,0.01,5.0,2.0,20.0,706.0,0.39,706.0,0.03,10.0,0.0,0.0,0.0,0.0,0.0,0.42,2026-06-03T16:47:35.589135
1,2026-06-03,16:49:48,Location 1,60.0,0.1,True,True,True,True,False,24.2,30,0.3,472.0,4720.0,166697.0,0.01,174465.0,0.0,0.5,16.0,160.0,5650.0,0.0,7768.0,0.01,1.0,5.0,50.0,1765.0,0.01,2118.0,0.01,2.5,0.0,0.0,0.0,0.0,353.0,0.02,5.0,1.0,10.0,353.0,0.2,353.0,0.02,10.0,0.0,0.0,0.0,0.0,0.0,0.22,2026-06-03T16:49:54.597663
1,2026-06-03,16:52:07,Location 1,60.0,0.1,True,True,True,True,False,24.0,30,0.3,1170.0,11700.0,413182.0,0.03,434723.0,0.0,0.5,51.0,510.0,18010.0,0.01,21541.0,0.03,1.0,8.0,80.0,2825.0,0.02,3531.0,0.04,2.5,2.0,20.0,706.0,0.05,706.0,0.06,5.0,0.0,0.0,0.0,0.0,0.0,0.11,10.0,0.0,0.0,0.0,0.0,0.0,0.11,2026-06-03T16:52:13.662809
1,2026-06-03,16:54:26,Location 1,60.0,0.1,True,True,True,True,False,24.0,30,0.3,662.0,6620.0,233796.0,0.02,250041.0,0.0,0.5,30.0,300.0,10595.0,0.01,16245.0,0.02,1.0,8.0,80.0,2825.0,0.02,5650.0,0.03,2.5,1.0,10.0,353.0,0.02,2825.0,0.05,5.0,7.0,70.0,2472.0,1.37,2472.0,0.07,10.0,0.0,0.0,0.0,0.0,0.0,1.44,2026-06-03T16:54:32.730162
1,2026-06-03,16:56:46,Location 1,60.0,0.1,True,True,True,True,False,24.0,30,0.3,736.0,7359.0,259905.0,0.02,273323.0,0.0,0.5,34.0,339.0,12006.0,0.01,13418.0,0.02,1.0,1.0,9.0,353.0,0.0,1412.0,0.03,2.5,2.0,19.0,706.0,0.05,1059.0,0.03,5.0,1.0,9.0,353.0,0.2,353.0,0.08,10.0,0.0,0.0,0.0,0.0,0.0,0.28,2026-06-03T16:56:49.294327
1,2026-06-03,16:59:02,Location 1,60.0,0.1,True,True,True,True,False,23.9,30,0.3,806.0,8060.0,284659.0,0.02,296313.0,0.0,0.5,30.0,300.0,10595.0,0.01,11654.0,0.02,1.0,3.0,30.0,1059.0,0.01,1059.0,0.03,2.5,0.0,0.0,0.0,0.0,0.0,0.04,5.0,0.0,0.0,0.0,0.0,0.0,0.04,10.0,0.0,0.0,0.0,0.0,0.0,0.04,2026-06-03T16:59:08.535227
1,2026-06-03,17:01:21,Location 1,60.0,0.1,True,True,True,True,False,24.1,30,0.3,489.0,4890.0,172702.0,0.01,179765.0,0.0,0.5,18.0,180.0,6357.0,0.0,7063.0,0.01,1.0,1.0,10.0,353.0,0.0,706.0,0.01,2.5,0.0,0.0,0.0,0.0,353.0,0.01,5.0,1.0,10.0,353.0,0.2,353.0,0.01,10.0,0.0,0.0,0.0,0.0,0.0,0.21,2026-06-03T17:01:27.943873
1,2026-06-03,17:07:16,Location 1,60.0,0.1,True,True,True,True,False,23.9,30,0.3,443.0,4430.0,156463.0,0.01,162113.0,0.0,0.5,15.0,150.0,5297.0,0.0,5650.0,0.01,1.0,1.0,10.0,353.0,0.0,353.0,0.01,2.5,0.0,0.0,0.0,0.0,0.0,0.01,5.0,0.0,0.0,0.0,0.0,0.0,0.01,10.0,0.0,0.0,0.0,0.0,0.0,0.01,2026-06-03T17:07:17.661392
1,2026-06-03,17:09:30,Location 1,60.0,0.1,True,True,True,True,False,23.9,30,0.3,699.0,6989.0,246846.0,0.02,257792.0,0.0,0.5,25.0,249.0,8828.0,0.0,10946.0,0.02,1.0,6.0,59.0,2118.0,0.01,2118.0,0.02,2.5,0.0,0.0,0.0,0.0,0.0,0.03,5.0,0.0,0.0,0.0,0.0,0.0,0.03,10.0,0.0,0.0,0.0,0.0,0.0,0.03,2026-06-03T17:11:06.108897
2,2026-06-03,17:11:04,Location 1,60.0,0.1,True,True,True,True,False,24.0,30,0.3,644.0,6440.0,227448.0,0.02,238395.0,0.0,0.5,25.0,250.0,8829.0,0.0,10947.0,0.02,1.0,5.0,50.0,1765.0,0.01,2118.0,0.02,2.5,1.0,10.0,353.0,0.02,353.0,0.03,5.0,0.0,0.0,0.0,0.0,0.0,0.05,10.0,0.0,0.0,0.0,0.0,0.0,0.05,2026-06-03T17:11:06.470263
1,2026-06-03,17:13:19,Location 1,60.0,0.1,True,True,True,True,False,24.1,30,0.3,602.0,6019.0,212584.0,0.02,219999.0,0.0,0.5,19.0,189.0,6709.0,0.0,7415.0,0.02,1.0,2.0,19.0,706.0,0.0,706.0,0.02,2.5,0.0,0.0,0.0,0.0,0.0,0.02,5.0,0.0,0.0,0.0,0.0,0.0,0.02,10.0,0.0,0.0,0.0,0.0,0.0,0.02,2026-06-03T17:13:20.668571
1,2026-06-03,17:15:33,Location 1,60.0,0.1,True,True,True,True,False,24.0,30,0.3,713.0,7131.0,251831.0,0.02,263486.0,0.0,0.5,31.0,310.0,10949.0,0.01,11655.0,0.02,1.0,2.0,20.0,706.0,0.0,706.0,0.03,2.5,0.0,0.0,0.0,0.0,0.0,0.03,5.0,0.0,0.0,0.0,0.0,0.0,0.03,10.0,0.0,0.0,0.0,0.0,0.0,0.03,2026-06-03T17:15:39.853534
